CL_p,f_rec,k_ao,k_av,k_deg,k_int,k_off,k_on,k_rv,k_syn,k_va,k_vr
11.421411432702708,0.5120509152541741,1.1753654978331136,0.0021200639697696207,0.05303665845071559,0.10062135846606245,0.2556208119136831,0.0985133655818409,0.0015634688523017575,0.325530764493943,0.008218347791105446,0.0014683075039794652
15.179322671607057,0.2638169497649687,0.7693130659220753,0.021940389200446664,0.07493687152393654,0.07619201516084051,0.2511682455080717,0.09158540860131653,0.004649756429228494,0.24270022233429459,0.009062207890718625,0.0013765488070077911
8.26596774831139,0.638327701479271,0.4440520288184751,0.014241803578276263,0.0627711947542277,0.12642988477223102,0.2634643287924936,0.1990255763021166,0.0007244511451974748,0.2315688395788581,0.009053368490229648,0.0009843780356378266
16.09560002663252,0.35245084342458105,0.44162063937347096,0.011213178695124573,0.06558418014384729,0.05930175902331794,0.15259147221766262,0.060847840680852826,0.004636102738280166,0.4378291248591912,0.008357060248639086,0.001836137446723362
6.329679433506031,0.5279888814016888,1.0712987188514034,0.016011538023365898,0.031502154937117485,0.056839026792746994,0.4414811769399289,0.21053960438240332,0.0055312348809078895,0.20868134276405392,0.009001453719716003,0.001307495075255262
11.30543986110953,0.5520295994292688,0.3944887164455835,0.013659508445730353,0.07644464736890769,0.07531460436201962,0.39035680735487893,0.20587787713844186,0.004783540889111067,0.35877808906639896,0.009222364809532159,0.0009834749124676251
6.706241626425071,0.4660724102270556,1.1410899804673267,0.011147237423417208,0.03651813951955561,0.06186077375871882,0.3773801814479142,0.18166162225158428,0.0018925229258160603,0.4034356294320358,0.00795115135170537,0.0020025750244463767
9.91068271533949,0.3092463758143593,0.6725375682884308,0.026577226920624517,0.061292392534713566,0.0694478014703733,0.20653572060461942,0.20166270163176866,0.00717155741421957,0.06682238492813317,0.009925479915361371,0.00037870742675014265
10.681213342615582,0.6459574596277056,0.5859652049641184,0.004783604064614434,0.07754721113104879,0.10295993919490751,0.39563568273270355,0.1606906647211201,0.002055478289142455,0.3325734215862417,0.009016941061920055,0.0010953783543409018
8.407433251821796,0.2749939665091195,0.6209823353874694,0.029780376108282266,0.030394163389035916,0.07138315552264324,0.5372140901784759,0.10062108613018063,0.0019286377178418272,0.24270860610809794,0.008033768651509933,0.002186209169476553
5.021466008969346,0.49744671639505544,0.9632478442416381,0.02016757763802588,0.06635388343670168,0.10587748658786895,0.32692241959815405,0.19271700616155224,0.0053949914867308804,0.13106941682691164,0.009609641234246668,0.0007658365649763585
2.971883742713161,0.36209833300949357,0.5982699361414977,0.027953377053241052,0.035468534097833994,0.05302381791771166,0.32986682045390814,0.13283575092287644,0.00408565488403702,0.21175008296629788,0.009066245896166709,0.0014055354588563222
3.612853119111723,0.5203498844562419,1.1614351590635068,0.017642589471218367,0.025151354242849717,0.07492149261209927,0.13862153076476522,0.1145578526736443,0.006146909314289724,0.09730828225104617,0.00947313296221564,0.0008042341986642023
4.920546216396337,0.6019112498783074,0.5098363640111716,0.025064526395184306,0.08480045957958995,0.11867543428006186,0.24796553635300658,0.13997082409968659,0.0031979613184525625,0.46075956671968515,0.008876731847002607,0.001525298881550067
16.479482103041573,0.51987434250658,0.7126721724787277,0.0072330160150464685,0.036130701249054015,0.10279285301881232,0.2205314897422772,0.11191938902326068,0.003283715604605781,0.15214745936733276,0.008891318362323377,0.0012135999379315609
10.656704503199514,0.5495643087200216,0.6431953781082759,0.022205065512289887,0.07083103426161937,0.12788306953362366,0.5869008330557742,0.08527131885651412,0.00018276579864691953,0.4279295727958935,0.008085233562482638,0.0020229634193786325
12.207484036455707,0.4999243113961903,0.8080372445879873,0.01537500158476965,0.0531716941710883,0.07589807247552864,0.3945198762504492,0.12259200632960068,0.0017251109202501523,0.4062720448783864,0.00832443192508224,0.0017498775938053746
10.717384057578212,0.5566422001266328,0.5376618381422038,0.011370953311515766,0.06847045230674963,0.12911256578100458,0.09494344141852959,0.049615003746315445,0.004619627082369582,0.26686147478604105,0.008779243650884524,0.0015641085439315962
3.6914339435694035,0.31523083263621177,1.082479041812754,0.009303629172757632,0.0510632851157734,0.05803162970688174,0.036703170820446836,0.05540783468932692,0.0012857071387716074,0.19514338920522584,0.009003934981941224,0.0009317266284542751
10.525662950819306,0.4332779693355343,0.8384111036329553,0.028034800324130638,0.021448309155284763,0.040750081077224796,0.23329699167977805,0.19720586682817456,0.007852142976023053,0.19733653318431507,0.009281729892309784,0.001154268086175963
10.128352150899715,0.5990842924063785,0.594439237373913,0.011890638010618758,0.06684133104302861,0.10535508326615972,0.2763384676320981,0.20167988232666464,0.004521398662251321,0.21490492694582375,0.009437082092367018,0.0007014503652537877
10.75661163596845,0.44190962329801275,1.0970291479709835,0.02696069690456673,0.027305462164267373,0.04026042976207353,0.11130181060961775,0.09180560561931755,0.00255296638221418,0.400725263722896,0.008475705744615147,0.0019467028429175509
6.51216443591388,0.25082590793507753,0.9813548991649262,0.03832098983830876,0.06262381355122493,0.0994152324560085,0.2860419670644329,0.07555992051623273,0.003214995894796696,0.2226673586127852,0.008816962464978099,0.001364628109106444
3.8718110048458723,0.295982277335466,0.9031707550364048,0.01229179595116834,0.09476491565998846,0.07938526290401482,0.13183388584929828,0.11889936220472094,0.0016654189152870752,0.16616116627304597,0.009565943363711537,0.0005394866664479466
6.901535737232305,0.5211695179961089,0.9956335037400529,0.017861915486431155,0.05279741056342199,0.07326225036565846,0.42151616821434573,0.1900543529856711,0.004117269865745265,0.19746393944943352,0.009406960486950335,0.0008740809547585814
10.326623964617104,0.6043304220218888,0.3004000737866496,0.009025655386115099,0.05325056527643293,0.1346045117654629,0.14909236912802207,0.03053381188237423,0.0019512627842506681,0.5194733966989923,0.007538455476121179,0.002714711001400526
7.442850688873083,0.5045455546065185,0.5380163284762105,0.010867596015456926,0.04226013827213111,0.06250499131389727,0.3127943363916567,0.10024020489071431,0.0005955130609810338,0.39869198844202863,0.00817906750731933,0.0019057996154800483
5.515749632291333,0.6383428939673411,0.6322971512995545,0.019054344666640396,0.054357457164629336,0.11726373958487027,0.6480563176818148,0.12268809975279057,0.0020504855251180718,0.39244410311971395,0.008338469229626118,0.0018312966976352738
8.433438420252148,0.4025494562265971,0.8107613544986475,0.026420584961258167,0.046553258154075544,0.052569357742182965,0.23154577115907599,0.18964018671105928,0.007848304049245549,0.28480134915228195,0.008998665333688118,0.001420825470533648
19.23371141827315,0.15923340849492867,1.4409312723504264,0.025951323817769115,0.04541487093217379,0.0794574881384681,0.12278896562141844,0.04728768761506897,0.007279232386374298,0.12387715738044952,0.009076312824753387,0.001268905087124305
5.761708168383745,0.3390582860422587,0.5729143620182751,0.011096662597024706,0.04211376887700666,0.06781392062972216,0.3108784337838939,0.05611131324468392,0.0022284034980305477,0.24868235726749724,0.008524682511219297,0.0016741920663377607
5.473068404390965,0.35617136724771625,0.6278000746616856,0.03288947900863161,0.04435130759656819,0.07966945924583722,0.4517535315811717,0.1571901796133505,0.00171053129044788,0.27931555939400654,0.008557054184707253,0.001785894545625759
7.3001070871695255,0.6185517563374696,0.9043640603094636,0.02554894011200365,0.09850183676513866,0.1366752291660368,0.5306122590277663,0.1212687944439533,0.0049852553212757856,0.34139677809875113,0.009383394810685775,0.0011147470436714776
10.26018804397745,0.576549448978727,1.1092606710251185,0.01985883794886702,0.057988814969129915,0.08561969865936245,0.3880189575323674,0.20120487517365301,0.004368593358568401,0.21516132998274473,0.009371047073994726,0.0009655207976446481
11.6629517643968,0.28262326917696073,1.3152066803443476,0.012401440197367797,0.08385082140214169,0.06494278126107692,0.1633924126167769,0.12195170022433766,0.004449834034312215,0.3028334773153374,0.00894112175460222,0.0011534352298936323
20.92900404707701,0.36005842000647564,1.2280098041232912,0.009941928252415282,0.09039773086494095,0.0708099702788734,0.14628240394539915,0.10515163648126889,0.004568974712966929,0.349159470325151,0.009015221627947842,0.0010924799976913214
9.205887401590811,0.2272550065340136,0.7749260117800609,0.035313665948511756,0.03194876567456389,0.03421938558505829,0.06757579732947785,0.16993976201015887,0.008200177495139876,0.12081021879781866,0.00975931171123896,0.0006724338590714523
18.118317899666646,0.36050220658135806,1.244657697500974,0.016532980541473872,0.08339981709321184,0.10095652574230762,0.13377982468721292,0.06998495739306476,0.004227123126197867,0.23790028768686255,0.008967809561810898,0.0011473120289709582
9.47382918830167,0.5752652253678795,0.22555969045138374,0.02319554043634693,0.035746991594092385,0.06635047301263224,0.09531164347893151,0.16980693082731507,0.0003392270095364863,0.3842611879856694,0.00911184181242824,0.0016600965893189454
10.297373678631146,0.5212853900535298,0.36034860789914286,0.02142124561772797,0.027344912883173696,0.047085332361805995,0.11768553476075681,0.15644678529323686,0.0007929539165646913,0.3964161439629698,0.00853637213185906,0.0018865289721401762
18.32064237285665,0.5250011610443458,0.7123867072830801,0.013527736146237897,0.046651271361470466,0.07711412685748179,0.2040966946518301,0.24251235466167403,0.0038158315754380574,0.17610387738775862,0.009179869921364802,0.0009352776719219161
11.828117385422438,0.41212435143402537,0.4060383154515747,0.03167803340899886,0.04327167576730145,0.060053854228011384,0.11784377759965263,0.10695521480935431,0.0075972259257207206,0.25192638330818184,0.00918666634021259,0.0012971555817021562
8.74198608219144,0.5758404190752793,1.0465552869780619,0.01564566133474258,0.051528250838240766,0.09005088581306352,0.4587921795919123,0.23967867023120015,0.005022841574384434,0.11716710853806232,0.009709602149688168,0.0006369897249704211
13.844636012826097,0.5151337748173308,0.7877834948852028,0.025166711441896583,0.03130460664913036,0.0449997654720434,0.11382010791269333,0.1833551229373681,0.006528298325044469,0.35115305045173884,0.008995163019210143,0.0013298329259776374
19.077847809787116,0.593202705382084,0.5109285288657908,0.023369983229069108,0.05237862270199906,0.07132987143087066,0.14978851554053607,0.2042410571855406,0.004791789062970516,0.3237832154935771,0.00949835836339342,0.0009456867059668639
10.324252451130109,0.4094877289412311,0.6657555208844651,0.03340922515457155,0.060216366446368075,0.06358958098964551,0.2204854913712679,0.17103123539643186,0.008131305716649655,0.24185021655601915,0.009556575285329577,0.0008852368200626113
3.6752392947164942,0.4381620345144536,1.3131350800887183,0.021591847494673685,0.01750759197051165,0.057278351396829144,0.42833280781923233,0.134169846576308,0.002317584523840346,0.1623649464410536,0.008492461672390206,0.001502843125629144
15.233982107669622,0.48811386979538535,1.5005369473016934,0.023795242437253256,0.030844748660234327,0.08026583253490274,0.36649437529776085,0.1131387685986996,0.001645049665205405,0.2869597469988971,0.008015492917879926,0.0020831597501284665
10.472705264472548,0.6154386437782079,1.2806587295167988,0.02283823854489453,0.05889530846943239,0.10050117357340534,0.2666510312445952,0.16500688879568576,0.0016335724029232458,0.3121119353032516,0.008808913401407586,0.0012638473803784466
11.602862235923876,0.2966193503373442,0.7062528001765704,0.02646725957095115,0.09181642465396522,0.12379508663194934,0.22139751542730807,0.03569951198782386,0.002113995418110052,0.2612192825748727,0.00880618422537736,0.001686105947640498
2.843282527457854,0.5429018311741998,0.4889234236054547,0.02450639859923348,0.06551419205764082,0.06771419096897284,0.349823799568298,0.17186070601147926,0.0018096691241957234,0.37391311069156113,0.009379746918633813,0.0012508880788967417
9.981407521516406,0.7120154216615567,0.8861264450986166,0.02287018787507427,0.034495276345025985,0.09610578696291874,0.1445383779465118,0.11315495692425816,0.003230412978639483,0.4305533910587903,0.008468744386208635,0.0017730993885645527
19.873648329585702,0.7101734593046464,0.6547371736299982,0.021603727368870968,0.05003901356881811,0.1050747038313776,0.35417233962030037,0.21181517578768655,0.006660651116771525,0.30640461284511855,0.009366402933313313,0.0010274538586759092
10.427414721839694,0.4508262696843106,0.38041986172887715,0.016674429811578264,0.10133483605625766,0.08718477780837128,0.40597166255606776,0.08632889638094024,0.0017556828984010384,0.5685396198836872,0.008647337132129142,0.0017571506422997228
3.7684643680358243,0.5819022642141999,0.407508006393777,0.007010059677886971,0.07908935445450034,0.1143251186808177,0.34872778230163,0.12742183318940128,0.004316320482542485,0.38354347875504285,0.008842372374840696,0.0015193564646762553
9.034801355381152,0.3368697021799828,0.6914618599512257,0.017765533176116642,0.07509312166082593,0.0812714215270218,0.4412481160520515,0.14021482655138107,0.0018314770595621577,0.17554563544539992,0.009610097212525922,0.0008015638342530854
8.446835383297334,0.5920105870682201,1.1064636568016712,0.01615671937842277,0.06530938603024716,0.14137985128777283,0.8464564407243227,0.18187195129492742,0.003196674277702831,0.22310801828638135,0.008881760027860985,0.0011731930280035143
2.9861156692433033,0.4455592093157384,0.8821151462275629,0.0057188518855726496,0.036008820623625655,0.07886154278069021,0.24761701782667778,0.10294621003373966,0.0019196569008977774,0.18523119971827692,0.008549629766899663,0.0011948831469481688
14.784293318279367,0.33784480918014903,0.6454115373819584,0.023898766705428787,0.042513110142360484,0.055812993587344706,0.23040997306192157,0.10459766638089628,0.006374177247388783,0.28852841721901856,0.009032551393197388,0.0013921598600384658
13.56423096126525,0.4623022223747249,1.376341181046156,0.020509224623446513,0.035753982382087456,0.08619598987080071,0.4460985635690388,0.20754507018589013,0.005021188276546391,0.10115294336452517,0.009332610883545325,0.0008482883236411086
10.429181024301066,0.453168374221105,1.125211909781354,0.011233561287326669,0.053571021627319346,0.07518727090683544,0.23771542099645254,0.07127146819408575,0.0060494977265860925,0.3909085407253514,0.008357089367980004,0.0018443085579735047
10.826990358890448,0.600872553818548,0.8017397435144088,0.012831969487463572,0.051416870884584916,0.08055277740645195,0.22848307710516366,0.14364995644573314,6.364551752001228e-05,0.47560422032739924,0.008099703733400675,0.0019001417523038613
14.757012049328015,0.31799276296631723,0.7882712064685427,0.010991037810552154,0.04495613336715478,0.08296232720090968,0.17157547578806487,0.04425705743890296,7.354447054823648e-05,0.20780696778946703,0.008342194961819179,0.0016512852770260164
3.763667365184666,0.5708185264395492,0.6044032343522039,0.015180205302519062,0.04179564759093965,0.057360037011340674,0.12224945115791516,0.09935017488039005,0.0029082119512501108,0.4202705734391475,0.008601325765761163,0.0015704205081051967
3.771032910329885,0.5429698860867678,1.050085832151498,0.025444500845892566,0.08288685168856744,0.12881312612383208,0.5126624902761756,0.16661755471929293,0.005598460742042143,0.1750462970862299,0.009657233130196369,0.0009575593321589636
13.103906761932574,0.6572870099182645,0.5692263994425013,0.033615041456489275,0.081733541616542,0.08514734564982934,0.09709520654895429,0.15465545029119038,0.0025504700201498826,0.4702833879378895,0.009436730298697786,0.0008628249280500639
7.266778171356703,0.2860407755047113,1.0725889498180157,0.031067833009955716,0.0993307806410194,0.1405085899415629,0.21700868932031142,0.07891565602114181,0.0029709659156030594,0.17713816699282564,0.00888859347942491,0.0011055892242331433
9.564898128182252,0.4076820220348047,0.38750513417768334,0.009929992530251931,0.05950512139007827,0.07252373558015315,0.35502661650243444,0.08953528469322405,0.00593054513410143,0.3367518012976433,0.008613725933003151,0.0017088609356310338
12.793916629475131,0.5466095634465743,0.4537701230901341,0.006628163892257712,0.07222044471598918,0.10539947412801115,0.4292999822285415,0.18027470739642162,0.0011753009312695114,0.3207350256182555,0.008742805680262214,0.001316779910323765
10.180427567239946,0.6007663600459197,0.37694081914883737,0.008254530224260589,0.08558556861316138,0.16417824025526856,0.3304787209434647,0.11473861139907483,0.0021205881984603086,0.21980558126608102,0.009226442286227045,0.0009767025106065907
13.888969736151743,0.2801036666432077,0.45896534081240214,0.015060203997809895,0.037779724733729536,0.0459692443159284,0.1689594188000013,0.04129030409765565,0.004096759406594588,0.37765698528845637,0.008190069177089468,0.002071917522511634
7.298396354918984,0.45581188838509634,0.1749576471319387,0.015177419824725166,0.10113899065392033,0.14162071342873558,0.5156408338019659,0.15822550186457973,0.0030464104680799665,0.3191178073879027,0.009125568969764327,0.001420104876619965
5.626107419340552,0.4858029559148218,0.48308153988224123,0.005842490113783008,0.05865035615632851,0.15823524659527394,0.49347658148097334,0.14000745359374134,0.0022364240805193693,0.1429950822794852,0.008944194079386006,0.0010586978326810863
9.768540206883818,0.38721543817793963,0.9111430922310784,0.008508171293330601,0.06832736648304616,0.07811168769543905,0.11219278283151835,0.13888887881739687,0.0008622373326083574,0.1694159762506569,0.009276166491810891,0.0008080500018279098
0.8148074307011086,0.5100348939855449,0.5703557922355036,0.0312073839771887,0.05551081694742783,0.08636940036469548,0.6886519303846583,0.16248281758888208,0.0030576907313517973,0.30703618488286744,0.009180243440651017,0.001319604683833324
9.3602750722576,0.31468654682537545,0.4194858721666276,0.029089940873665922,0.09451916355822497,0.06514897188039098,0.32786063081616057,0.11835823136694097,0.003221447669280438,0.5399298832243424,0.00875996390719637,0.001630562217147179
0.9796032686261373,0.6140036903203566,0.4110826723118487,0.038629952416065386,0.03970091011709835,0.050082560359846734,0.027360847039050146,0.20134263998018415,0.0030058206292383227,0.27442152228668615,0.010021558466280323,0.0008171708081430347
15.04946392425235,0.7424675424564843,0.8814453640516715,0.015579863438440492,0.06253900980861354,0.13726203514620575,0.2992002979487696,0.10618606232935056,0.003251772551684065,0.35089246888978487,0.008890437757529002,0.0011163617483910997
13.833061084362654,0.6313876516107046,1.013214292471791,0.01809989901432703,0.056087928389839004,0.0996358521922949,0.2860964373256727,0.2303512443767898,0.003645296115006539,0.19418250170309742,0.009182563181643455,0.0007298788113022626
13.23608429916816,0.5983271982293957,0.7743293729324029,0.02359155589402304,0.07553694939988848,0.09964308195454366,0.09835887434110191,0.07740806573172186,0.0036153457808988324,0.3713831700929215,0.008969114832041823,0.001264815114896753
6.619166151931951,0.504650876478971,0.5580015301924339,0.017959078469738033,0.0457128896000496,0.08445186568360598,0.1587990434486002,0.11497940630382097,0.003671430285235481,0.23706248428356944,0.008951260334363813,0.0012713163558834763
5.493880805309808,0.7153812345240046,0.4657695924974761,0.012204635205785866,0.0371791395224323,0.09823171764936822,0.32743100632343675,0.2744180410579683,0.0016739386196940255,0.15821163961577725,0.009626209852611482,0.0005833806426718954
7.451893232776329,0.4508343755018128,0.29726994013073804,0.019946323045284327,0.03715536016895853,0.08046679294439003,0.23692382010934318,0.1164068629095749,0.0016826829999434447,0.15452292024446493,0.0093430295250925,0.001131258862906325
19.629912991948686,0.3252883384891786,0.6695796100560735,0.004977747993910606,0.08149345091857463,0.09182101717169097,0.2000059746596851,0.08791422588889272,0.006940251151707468,0.1814989276336128,0.009236013599349247,0.0009991726967839556
1.4564196107643403,0.48021448944716666,0.7301387351932984,0.02123605817112989,0.10445178611058041,0.16780039049238585,0.14879052446285662,0.05313136535871244,0.0028046441118148584,0.2848587383295771,0.00900456677147721,0.001230879036048119
18.81482163229468,0.6671397197905844,0.47419341566104123,0.0290906655754619,0.02490370060287103,0.10000365357164724,0.3489175845370369,0.13888057347361724,0.0036030373745951417,0.27598230604707585,0.008716021569244007,0.0016630660689078492
17.23983219065535,0.3299962277605943,0.6304460500609366,0.019302590088904958,0.0666766526933012,0.05954346232753846,0.26503701715503974,0.14206676004997557,0.004330369253829629,0.2695528240720838,0.008998619968107994,0.001249369089343436
20.600662543942512,0.6231033721628451,0.48156984239997336,0.01863556134250943,0.05126526480287629,0.13214516125801354,0.20636426219287102,0.03384797416868081,0.0014510572373822635,0.5389989722536245,0.007275743137935655,0.002902257749993709
15.509745812741105,0.504467878870298,0.3810354308483732,0.02500068221729901,0.07292187838615449,0.08714031111983096,0.886645398119578,0.1650989263843768,0.0009584167521978266,0.4623169722039053,0.008633382080295984,0.0018564530592802557
3.8106219923624614,0.40402498570765993,0.8564475886853077,0.01048591139916269,0.07392485501796696,0.07376538728574743,0.3537609151272135,0.11963004035120454,0.0003721736799417576,0.25810280016638415,0.009197201044796422,0.0009485239229599111
0.4378808594688106,0.2489678540983579,0.575982223829694,0.030774229937262688,0.048335099564821536,0.03655655570451291,0.1946804883051088,0.1864429842919102,0.006518488832837082,0.19027521047761597,0.009731991976103334,0.0008780420212721901
6.91569125086534,0.6296326864893517,0.3851343140560817,0.015579087529835367,0.03778970901896067,0.10025477974833086,0.27897804475537885,0.11159735093829819,0.0018371106841194185,0.334168294614529,0.008730531818728042,0.0015868980316916064
17.86742939938687,0.7533707561140672,0.7152165111558095,0.007219058582067167,0.04382764883340992,0.10689186856797776,0.20947463083451126,0.2194077184431543,0.0030282117674111674,0.2975874055199742,0.00892093771346839,0.0010035982208111533
7.0031734497404985,0.5333413453479818,0.7497133083508999,0.010663982007213465,0.06830584568332113,0.10836560340049103,0.06883527813530589,0.04202136960007603,0.0042349444029760935,0.2255016552775585,0.009195562682866329,0.001131188919197177
5.972773565784232,0.49026017418276385,0.3152486239537974,0.017003279489265596,0.03917758479581852,0.0696040148901186,0.38183260513672074,0.13349580589966495,0.002033578526914423,0.28865662658156604,0.008815105392898731,0.0014992851117180345
12.448571381590602,0.22038656490792197,0.6926705043224002,0.01845816217855159,0.05927334851054124,0.10154635200007897,0.17287302405633098,0.032826513013305934,0.0003285452448685154,0.230755059781885,0.008358193217144,0.0018978889124563667
2.4003365711896727,0.7065278822103783,0.7236227777004913,0.009282188497299969,0.06544936204470793,0.10974244934677668,0.13036069651429777,0.09854354013302816,0.004370411853427003,0.36748982667164776,0.009197696488382265,0.0011676917577620092
9.690970482870652,0.6244044523894278,0.3900939095273763,0.022660708930013936,0.05067670954665458,0.09552468812352823,0.1917821807139844,0.20616812386036334,7.990269116768685e-05,0.43277925063192346,0.008712986509631596,0.0015244378049901733
2.479784996442549,0.66887906090939,0.922862434624174,0.015143990419706786,0.0644378006852103,0.07363653806862888,0.08631058515885068,0.14796331691323114,0.00511004445502381,0.4026306257972807,0.009377667524406778,0.0009052013889404233
10.90502154769603,0.6028603340084426,1.0558862417626704,0.014428292419539357,0.0511268883828848,0.07760997445015058,0.5179074574799893,0.235907115587265,0.004500758636821999,0.2463229971619769,0.009387374928034141,0.0008726830368163893
11.58619318047148,0.44631571014001775,0.5426460923785552,0.012876217470651131,0.04418541941682793,0.07267110751713104,0.511598094667695,0.14301116892145235,0.004252443122767947,0.22931665775768384,0.009088954891967083,0.0013502195164303886
9.371538949085572,0.37822604896216316,0.7113326256107715,0.017006409107456304,0.06170003656105984,0.08433531762837793,0.49749047080723585,0.12981675538657456,0.002875590416907269,0.2264047816548402,0.008928742521384344,0.0012739769286115058
6.018572197642709,0.39531883064656503,0.8732026092589592,0.03020546202738766,0.04861670116263099,0.04901745186185273,0.152951331954461,0.12974260120849218,0.0060020527027851095,0.2710165984365656,0.009043109490501432,0.0012757126906500784
13.83431876313206,0.5960004499152667,0.5535010826469279,0.0208960148584239,0.055332554439985804,0.14764334444972677,0.3387356991899037,0.14374791974575402,0.003223216794619801,0.19808872406404793,0.009069339458680216,0.0012194458750484885
4.52375098991593,0.6600192456089132,0.4417674480150038,0.016430779574826304,0.09182878260570466,0.10108271022793117,0.32994887091372366,0.10962001285088528,0.00459818048725329,0.5899243589087382,0.008789318798335827,0.0017315087450744712
7.231506791634685,0.47879654820949324,0.7389320245491533,0.016847150198504798,0.053738538453038345,0.1088022160180532,0.5323619105374731,0.0739161838915483,0.0011243360758888374,0.303270135835249,0.008406656301474608,0.001656744970557332
16.68037793494128,0.5940166254073086,0.2971333886595477,0.01412644675919875,0.10890859079883107,0.12161274036647798,0.09615646683037728,0.1049201691642957,0.006689982596889731,0.33425573826182214,0.009303720901268023,0.0009417513881120095
8.310384871644988,0.41185254605795224,1.1292959863305763,0.017128358320865993,0.0937136458607356,0.15711571050119838,0.27768151498584753,0.057481511627417464,0.0018725669735198832,0.21631875493694017,0.008822355002178307,0.0014632938134959178
10.009715568848282,0.3510412367913377,0.3184196464579627,0.023038000980677438,0.05692883855366955,0.08096211082818153,0.19834512403986793,0.059084384429628815,0.0031719291828715274,0.3835454362916763,0.008451805608215016,0.0019713690436801877
0.32111073993893635,0.30899874400230065,0.3408340836384913,0.03706732451076999,0.03559887688960815,0.04098864545244297,0.20025915103791828,0.20860811655117023,0.0027900120375734874,0.15713243696323598,0.009973871984497205,0.0008357209811283976
9.433472704261522,0.2683099785362528,0.4608784716562095,0.015014572124432735,0.08766460262818665,0.0697826736198871,0.19268950715192823,0.06506145893181056,0.0016193282995086253,0.4835140069162329,0.008672616802108207,0.0015061493067528014
7.813037645297372,0.4913288882320407,0.7351687324112328,0.01667708647525814,0.08207707429769096,0.09586021765795537,0.421963937316277,0.1559498721657374,0.003698491951807957,0.26897800082439627,0.009098640738528068,0.0011672125058760493
7.5490042321178175,0.5442447041300564,0.9689994177652939,0.006575290302011365,0.10007816879893977,0.13799672990041323,0.22495784617531334,0.12755373514777374,0.0032431648437011903,0.22782107357884498,0.00919309741962525,0.0008886928754498103
13.648633467109947,0.5948842522259981,0.577202629275624,0.020360525988454233,0.1069934444638598,0.13147934665579084,0.19558534292710283,0.14897282548156365,0.0056332657296751494,0.21785633850317596,0.009664881693399014,0.000680304493816254
12.709733213727215,0.6556859730893979,0.7071269661369556,0.011880202936327387,0.05362233312714572,0.11391418196846154,0.2102535008623171,0.17211845914335744,0.005351464613039703,0.24104316872559356,0.009178208371426763,0.0010018580920433775
4.403174862077231,0.4177855435333177,1.2622609382750327,0.02329367584445503,0.0511387963346418,0.08318082664651966,0.45479596968059066,0.19679515316645474,0.005427467143087388,0.10661963512720132,0.009686219262194061,0.0007944562293731054
9.408639708970473,0.33144015228583074,0.7037583885997073,0.013449213115364397,0.08631358074741917,0.0818313473007965,0.4504957465039221,0.1073036078429789,0.0009111186160682039,0.5180510535488068,0.008219943183796345,0.001692187260697549
8.183033023642738,0.2892766284340608,0.5383257250449665,0.013235046085753328,0.08861895171383606,0.07781093322695692,0.26223762105767456,0.0799576380971945,0.0027729025863545784,0.26994646720596593,0.009350710695388089,0.0009965202227666921
6.572000602362839,0.4903465717642271,1.5240536198246755,0.01688316505868316,0.11352549344710149,0.16293873394004074,0.32553045484825216,0.15450076671346075,0.005821188505992229,0.15888231235445976,0.009357920774529628,0.0009025646359902024
7.501602514619638,0.2849575943622247,0.6007399777411802,0.02822286604096092,0.03604388778363721,0.0547161910847636,0.15532268828568696,0.17349902690381863,0.007788798340260283,0.15174527315605893,0.009339280068843705,0.0009935113488644754
13.004613049488139,0.5978569290989971,0.5609949726394845,0.014698123484561234,0.034777376921340725,0.06778279067533605,0.4497052405161142,0.12523496848770693,0.0012566741458005675,0.3957067769637753,0.008415134189440565,0.0018180308335774718
6.4153108263356,0.4084248260742926,0.8227758073868168,0.02637040158409449,0.06385627485503076,0.09077903649859105,0.41459400261970064,0.16283847537075294,0.008579055027580298,0.17171528455883722,0.009559341920615111,0.0009212770385487614
9.652664685319937,0.6910679668890646,1.0630940064806123,0.022317145893975942,0.0416312789883125,0.07698758295023285,0.35588774796611183,0.23854936204506283,0.001988872613823135,0.3044940602124715,0.009142788070554403,0.0010345808023977457
25.741104541161643,0.40975207664397867,0.26580983089724136,0.011191947371184674,0.09635170293997417,0.10640250033598134,0.3535647585156567,0.10337587248821309,0.002126189202839747,0.3860432741853249,0.008749404820905287,0.001560606553472049
9.413523046278803,0.3297925757553578,0.410703174029912,0.024163512155541092,0.08540555919251541,0.122206079488923,0.29290660513160227,0.053310086922561645,0.0013519975446142818,0.2142826232459913,0.0093203612575258,0.001252402442476039
11.244013059037858,0.5937294670763956,0.7309431579705132,0.01403262908196876,0.04945832930213303,0.11593272521616876,0.5962933025326482,0.15110008894236548,0.0014912437832077284,0.33585394087567605,0.008405086885860846,0.0017202980798994645
16.49476268047495,0.33970773414852234,0.3354270436405435,0.005842455863701775,0.07520386279485915,0.0819188956541878,0.17635698301196268,0.06643302576507601,0.002621888437451915,0.17607272810244234,0.009327241518177558,0.0008162423912004486
4.136099589486904,0.4260935216112195,0.6858408976426725,0.019424919558069638,0.08504489431509238,0.13071393606607287,0.4014011337801547,0.16021905452778387,0.0047606489460688,0.15653841827069334,0.009293239355673144,0.0008299569820330771
7.052618076939552,0.32130868868278534,1.393699062753619,0.024659623882189063,0.03936937168913921,0.045252226228061444,0.04450141870622864,0.08162145226074681,0.0028151965330892514,0.16350969788660036,0.009152257155426585,0.0007807290987904658
10.708861061288875,0.31112091181824314,0.9002225855766273,0.024296576397581798,0.10373393518776138,0.06359576737477529,0.20839356804948517,0.10184373832229673,0.002456192101021881,0.379280536637614,0.009292917390711667,0.0009003469319102128
10.623364843690316,0.6754408939570302,0.5145462925506252,0.009465493689014658,0.0659932757672495,0.13325432738114268,0.24029710441995022,0.11984965901175212,0.0014472291172465278,0.2833004581811052,0.00915370613055355,0.000999428175973388
15.20665139623032,0.6437774681525965,0.5158645513416061,0.03341811070066971,0.04786482270961323,0.07708036182045727,0.14615644432954655,0.1365628453943054,0.0022765314594178146,0.45833035569575636,0.008929092146401989,0.0014154120598606928
13.875632715401823,0.49734850041551687,0.9328757278062759,0.020387786663850722,0.07294203306431556,0.11501442545562018,0.27089969233220557,0.09089269890769461,0.0048801485610398525,0.26403849566656995,0.00885836175873958,0.00147877026806317
11.47248921300034,0.2827913269447136,0.29258521514904495,0.033000558847509104,0.05581100109818982,0.0700927868958459,0.43076064991829655,0.06431292903782634,0.0032020395141557794,0.4303095400808917,0.008553221437047656,0.0023004226170281706
6.440256568406864,0.6262057231960265,0.8462110376673443,0.0005025502893698797,0.05125903600121161,0.11419549302930664,0.1961846777976948,0.14464448751167253,0.0013017547247400215,0.15269043979355337,0.00914492940740487,0.0006352208526001432
14.564330744599673,0.4294813923601659,0.3511339258910202,0.02592285613610314,0.09061309634248262,0.15138377713264886,0.31950551170697605,0.08684478712518838,0.002529869273505755,0.26759358225060415,0.009066709044023999,0.0015349780177706103
7.81144252609965,0.49567998563712745,0.468759304184903,0.007266541420995183,0.04828019995644764,0.11072468443258582,0.44600918334365525,0.08850596995685456,8.183878349536352e-05,0.37422240463605083,0.0076937340142364296,0.0021867108559016973
10.753336633224219,0.6711731222152859,0.3705422351638231,0.01616518167230524,0.11728081133584305,0.1445566347715615,0.28311327739741754,0.1096322552227442,0.007141151900625128,0.26692283847902104,0.009748738115845559,0.0008091659762476431
12.162966283659086,0.43282576821842067,0.4674568661880506,0.022027461691144994,0.032665247129091135,0.049979539620020955,0.4279749968718079,0.09107460615870455,0.0012142469784011522,0.3684320225482119,0.008329897791321266,0.002137274547443516
9.094828174644153,0.6106659697033973,0.7459448782331735,0.016593502147613758,0.059193166801207495,0.1020617609935822,0.0652218203214443,0.03588629537795552,0.0016146617251352267,0.5757049103557537,0.007847649861933452,0.0022069147229031227
14.898640448157401,0.3631752764466488,0.8851024248329634,0.011787706258736456,0.0344977577412832,0.0568146407944872,0.4746123457869629,0.17473406522151294,0.002800188005360608,0.16265991757077192,0.009020933492827891,0.0009792437845124822
8.872275533704432,0.5148200167708039,0.770533152183202,0.029879616908753476,0.04644718376916087,0.07333991790516974,0.10369091301255011,0.12749598856388192,0.0019506357136745026,0.39630168777679137,0.008441166056580667,0.001609303724577097
14.762235737234914,0.5799135707132607,0.598988807677564,0.011702126406571745,0.049771992098890584,0.1279946057341077,0.1955576760154449,0.0558886627425487,0.0010078154120193525,0.47160417678248423,0.007349523276336691,0.002635655746516781
11.49550086329679,0.3225775701089749,0.5833357543953023,0.02693464472926275,0.055062291083557105,0.07917349762646586,0.11962339786262938,0.03762908354442854,0.0009176345103300552,0.26786038306697096,0.008940103796229552,0.0015515307080395
2.0713297453200017,0.44788044315909536,0.5498563123322802,0.02774982100517208,0.052616669037130435,0.08462510917465266,0.34213659015671005,0.13653631925946547,0.002225512921127872,0.25269759823722154,0.008980993553511951,0.00141058004917759
5.971490354685631,0.37487686978636714,1.1982729876004592,0.026604857330551242,0.03858986193233825,0.05376808806714211,0.2744457975769315,0.1566367921403662,0.0033053735657273832,0.1627771901451825,0.009276976193859941,0.0010177663714860674
14.83380386271872,0.42484514768402726,0.8194160752537201,0.029288543338406494,0.07433066453498845,0.05331411423078126,0.2059467499784317,0.09881555875109099,0.0035386024836738415,0.3959421007253378,0.009165429885710749,0.0011631296328453572
19.792980863030294,0.6129017592979621,0.6531115494977269,0.01181315295722018,0.05672001282876981,0.13749423466199465,0.2538618842604548,0.057438647419906196,0.002835261337754095,0.45326733007316644,0.007718457476101565,0.002338095216723018
11.432574410374656,0.3155935513427134,0.5044247975775509,0.004519834043132001,0.04705582740629309,0.041034434759568396,0.07715190396151189,0.07745142777380229,0.005942729406150465,0.323155137918299,0.008882076789190283,0.001388555318440455
6.877036193276433,0.6407442904646132,1.409555190985451,0.019800987184431785,0.05941113178296141,0.09764921324718905,0.5131572984504778,0.25526295154205686,0.00645742889879706,0.13832379771046943,0.009712574225775058,0.0005996493144489896
16.370868475464906,0.6923616044450809,0.8625264293648843,0.0065041242313483745,0.0606985657654787,0.10899504381574113,0.44335659524869114,0.18295869597919698,0.002528882183668997,0.27342561728175746,0.00927389666846667,0.0009506512771467277
4.742598169282951,0.4021338546839581,0.8432536929501211,0.014103745441698144,0.041956350010639146,0.07874074021256938,0.2828405050979149,0.04377486540126362,0.003995320514509191,0.3441024627541738,0.008059128172479812,0.0020998510488291315
9.754083923682343,0.31809862650573595,1.0433858508355,0.02730627712720595,0.0554685166684034,0.04913309174488334,0.19116016757949794,0.21631882019192344,0.009416302732122524,0.18726793949497933,0.009415603470312938,0.0009017482955585487
6.13371285257479,0.6717138450769935,1.717049284816927,0.03253406408149029,0.06978824493599205,0.12266608664543038,0.2758681598711211,0.09449750498212262,0.0048182898205380315,0.30315908623196125,0.009080298829624921,0.0011591308820450678
6.806419415680415,0.5180435249659688,0.765766613834278,0.02978233724305162,0.08596424805025016,0.18223513823499052,0.4169335457515736,0.07672447427285177,0.0032237092497522674,0.19615627738760924,0.009249862797896259,0.0012535604690823566
7.969052658539471,0.35106557766325847,0.5521894838430583,0.03197781714137854,0.026058920474208547,0.04817741312428531,0.12300522667007392,0.12688431330278505,0.007046684062609067,0.16790740475127158,0.009066820074868052,0.0013596247233828422
4.873911372579956,0.4192111007806548,1.161458606119984,0.02478152911810702,0.030510226330877393,0.04691919411090505,0.39469811001972255,0.1948421057865838,0.0010915141028494022,0.3365836786355491,0.008597490314042807,0.0016337633489029802
4.009231141653864,0.6865728447644578,0.5991507528606712,0.011892979033553032,0.08666335629347131,0.10639254367170521,0.15931766854465657,0.11137847268094071,0.0035997306165446385,0.4944266873076276,0.008914372241890987,0.0014390993938161476
11.87264897387685,0.7097166700192354,0.7327089230785608,0.012175187515150385,0.12224015249155214,0.1568068934166246,0.2476655053013457,0.113768645978617,0.0074853777994898325,0.22733148751109186,0.009692132622833246,0.000655931339886596
6.287247121002652,0.32100500462042225,0.6073953201754485,0.01158064169963105,0.08444655125078954,0.1090294708921219,0.15625534130367333,0.0832339952019052,0.0031246693104183903,0.21342042739955508,0.008785312889187172,0.001245987738632743
7.669419107986209,0.3804264508281401,0.2941670927165708,0.03137248895884321,0.0932194428036438,0.09914870056324157,0.17541224734173444,0.0609074357573447,0.000776844545778922,0.3645202694940456,0.00930304451151095,0.0013418236986873669
5.699063843057774,0.5164608586598115,0.46271039502099337,0.007523603983789148,0.05011389395483702,0.07128220338325945,0.17043415182915098,0.045447884566401225,0.0010051182126815004,0.4716335651348935,0.008123148705042887,0.0018922266876709088
13.101332439371793,0.19764116119383496,1.054584821552181,0.019378013875163618,0.039581329137332755,0.0537517316389525,0.12219597479241164,0.05881960576514064,0.005912571576947034,0.13460368390612787,0.009239438104459504,0.0011212498471406863
10.604364763399541,0.34306730440856326,0.6701883275177657,0.0074282320461396024,0.0563762869694957,0.06002155979883747,0.2103491300146555,0.07850169725064304,0.005149432205114621,0.36075437976116054,0.0085430660901365,0.001494912255154952
6.88666851364111,0.47625539702243075,0.673551732225592,0.027993297097466934,0.03949425240766389,0.05657586047555832,0.1591998491875983,0.17800341163801084,0.00778247330068736,0.23875106298864932,0.00918870114066438,0.0010584005845311834
3.0908225585387576,0.15253548225921182,0.8895660180564494,0.02106459702120502,0.07980842757298735,0.08385866693890182,0.4333055140691594,0.09374028760028806,0.002483996621888797,0.2074371064552246,0.009096916983647292,0.0014144125647986333
9.901943178587896,0.2765549858999863,0.46676499123659876,0.012705980771901604,0.06247715058760797,0.1284953877112883,0.28079585217466707,0.03960541528493193,0.0027112135345628784,0.2086838508510694,0.008562377296010799,0.0017761549502953527
8.035238843580206,0.6423883273011916,1.2727742117161345,0.023326652318915453,0.07736233596616376,0.18177179183940023,0.27197845289563305,0.0660849631185078,0.00778766050471575,0.2093480338324197,0.009335346420783073,0.001220648513900698
3.69370293240511,0.3123827422101505,0.968549094377426,0.007345362212153088,0.030537902342142605,0.05608511013004237,0.4289789671009594,0.08911142086452166,0.002651793471687951,0.18487928621507468,0.008611960800866821,0.0013758699147033955
3.0101047121076885,0.44650343644645285,0.22034034456431018,0.023458416493693065,0.04881301139830195,0.06734668383400605,0.2944164332353213,0.1288467271891995,0.0013479844335410262,0.2647408405975339,0.009456645758574033,0.001222787090774941
7.754046852567286,0.5076214009388955,1.1403968137621916,0.03813971381843392,0.06795671716553191,0.1482437955762333,0.3736629822223438,0.06796818094837673,0.0024731399542846735,0.26176300733371305,0.008711840549735912,0.001702756298265614
3.4895293436049393,0.6753790858618136,1.0798310792805128,0.00796217058681747,0.07645831436961759,0.17564241211913087,0.3406759075806983,0.10600008525217218,0.004471442058264986,0.1764254786550027,0.009382022473737508,0.0009161752229721266
11.650221071469389,0.43409824726514207,0.7285717872764673,0.001494654511539904,0.083457828004711,0.06956858353340556,0.2835393959197853,0.11103199734991503,0.005906802528207507,0.38314881520858945,0.008988951220308659,0.0011723371976755082
1.7734935115323753,0.5729235779260582,1.0108521070689473,0.03049104389855049,0.05339962083398151,0.07382013847470383,0.22430493898699164,0.16831960208001082,0.004211114111434854,0.365654930035566,0.008885291395109556,0.001330897436224718
15.489691280340246,0.4156489857934539,0.5938686240774003,0.02523398296124447,0.03458478849172284,0.0665950219746404,0.24141024647042558,0.061662068830442375,0.00394473670680716,0.3049412886857752,0.008684199222077282,0.0017232612180787688
12.079037298582513,0.5970085042929757,0.38407401426431576,0.003593821254392617,0.057844640116426316,0.10596924831965471,0.3265061772433245,0.1333270480376602,0.0022953902103789027,0.2578438846818778,0.008921266373499501,0.0010484399357523324
11.472686905559545,0.37585081087862443,0.8192549082118471,0.02931533513070129,0.031260141889919296,0.035688142852985015,0.070522079802701,0.19318453921015075,0.007161411418000758,0.23299855134447833,0.009505169367611832,0.0008769839752260032
10.722741878257683,0.5189854797491658,0.905449523900062,0.022319662491467464,0.07045095550790917,0.1172717743128592,0.1771248442231384,0.05086984746007697,0.0033706588850739615,0.25670533820447583,0.009103342329773428,0.0014210566148071683
9.715284476548947,0.20129816566040395,0.5237339599209963,0.019153690759553466,0.11054911720508223,0.10406524679512641,0.4319376612832511,0.08826575275051643,0.002978315997728221,0.2086185581425862,0.00950183087275705,0.0009421093639522251
20.937069554155798,0.4298026136126786,0.26650556994157626,0.004764383545360818,0.10185619449286806,0.12217249489598939,0.3920944023119405,0.054489839947299945,0.002526228778157514,0.41688379957605054,0.008593565573437515,0.0015921030850231518
9.98048434600939,0.38722321110695024,0.5732603274181389,0.02945935332378764,0.02027805738765573,0.03999610096235449,0.2129440611681097,0.1416166891707713,0.007053390701744489,0.26524479757515707,0.008695272849688181,0.0015976663615612347
14.862940611416521,0.6593792548518658,0.9890068002611432,0.01976703579294606,0.0600977839287778,0.09092441089967622,0.17302276089694757,0.28267800916665387,0.0027881970714810915,0.28331443611485835,0.009413073918394315,0.0007502023255311291
10.746255017100186,0.44421882174307115,0.5386250481696866,0.012279511410754663,0.06270203119418066,0.06682973917574878,0.190302647680083,0.13976007463794313,0.0013720007046208028,0.28403689072490057,0.008982939370729618,0.0012178020969776107
12.954643228870438,0.6372084465001076,0.7925726676689033,0.00655317991260611,0.0789786074778482,0.16065417771140883,0.3032554471039727,0.12804675383334985,0.002868441438797895,0.231951415446541,0.008870858737547616,0.0011219224323057231
9.766086060185353,0.27133633430563636,0.6767429532545772,0.0359238668436426,0.04275445228532221,0.0395722003861499,0.09515702186205328,0.19072683271702112,0.006774800536093325,0.22289916458175743,0.00947457047392255,0.000929929394906064
10.948825633251545,0.3461531183484943,1.0307730434231215,0.019593779688675386,0.041331719462442164,0.05458182249615726,0.2550480619492673,0.07513537273504796,0.0028341232613279324,0.2834698413823908,0.008525014203419761,0.0015028972529363038
4.198375343049009,0.4199180741039621,0.49007279441683804,0.018153008665957163,0.08386543616901837,0.10810799812809875,0.155717411295108,0.08999926511918208,0.0012225786029255968,0.33132416738025494,0.008703343852902343,0.0014507105939247941
14.804159540249042,0.6602809265746618,1.3065772969226503,0.01465757514817535,0.034511284571135274,0.06755138432779892,0.30533134993346017,0.18843989514289594,0.003500825924813532,0.3444378577811061,0.008826194669910754,0.0014274500568298497
10.952363739181456,0.4620093528740828,0.8343602268261836,0.0075543919480667,0.061251348862739724,0.08071105984384899,0.18163264714684327,0.0706167839881757,0.0007471163258156598,0.44221231825560686,0.008093680502588815,0.0018255421957663138
3.7900465319828234,0.5923602040699001,0.3458386444738783,0.02801838022115622,0.04222089030619952,0.07826235492667162,0.30321695363851336,0.30735042021170966,0.0038869455675046775,0.1465784326403296,0.010247148178336595,0.0006650694533749195
0.8005771071685639,0.6998389056405564,0.37021886464994763,0.005966153252086455,0.032735678874395685,0.08120950116901642,0.03243051108573617,0.05642520245721963,0.0019168704650177626,0.375822434488852,0.008613966953842055,0.0013843464442451611
9.205073062821715,0.32531450596004385,0.6790374136803313,0.027260212515192263,0.08711168121789684,0.1132745530523236,0.03085009138471311,0.0392442724016799,0.0035909681956863633,0.21635515850139195,0.009175729949360866,0.0010808808261651634
11.704990253161593,0.1828549714183447,1.2016156696631255,0.021132817184740905,0.0572431633443223,0.04935978524818652,0.07800919454660157,0.04174218276178259,0.006681841354723841,0.21165411585953206,0.009159182728650222,0.0012255320467781626
10.50629164564576,0.15588431546352646,0.37970755356729335,0.01999295737190473,0.016924460615133474,0.03824273741564245,0.16627448104544146,0.1039240240135126,0.002227867633695707,0.16408565326504826,0.008510878077695617,0.0019452878523309118
9.441927397476197,0.5707982147217344,1.0545771127560633,0.01913080161609457,0.048642887844327375,0.15153205846311218,0.1554438088484003,0.08453510609084207,0.0071782727760829786,0.11264572714082542,0.009228414160459698,0.0010469124825568425
8.170615340988416,0.3012419570964451,0.4597050476973923,0.006591909260655799,0.046262184707193094,0.05374279795142805,0.5252827974459463,0.11618735464104961,0.0023451400352788687,0.22672869406360568,0.00904840485877115,0.0010973782088711582
7.287893110624551,0.4506378360678419,0.940327540047251,0.017863491664195923,0.045420776987313116,0.06106543258189645,0.3343703655645903,0.15225275860414322,0.005325702596952449,0.19359614994379598,0.009231850122351212,0.0010990291592271341
9.581815802184101,0.39772944302216257,0.779138187356085,0.027752916235226965,0.043484922489091374,0.07329859532583674,0.31452915576206125,0.19773990349704326,0.006831305185450091,0.08646820286955673,0.009794807517985353,0.0006496014129085712
7.088501964458237,0.5555903518903024,0.8429491243189055,0.030768504191432858,0.06035500237836155,0.11204948962207277,0.5213601299756794,0.12195106028007988,0.0020370555609850248,0.4672924716766931,0.008174229959624212,0.0021307767911814255
6.38535547597913,0.45309839648664796,0.7872249356578755,0.023172789404993732,0.07543670006032947,0.0638727663550688,0.3095845010547122,0.14772610530821242,0.0024787293999125022,0.27764373587550434,0.009315823468402722,0.0009116587511963179
12.382584653039679,0.7244916857371775,0.8276133866050237,0.010021521900037671,0.09411854410924776,0.14324667464995802,0.34722557131975185,0.14782219610867706,0.0008333475826121275,0.3617573005515398,0.009343994017304395,0.0008386794994144908
4.691744156513913,0.6526856214591409,0.6552168573336076,0.011086255953031523,0.04999743403416012,0.1495338654759731,0.3916173240321126,0.2670398612018423,0.005969632499602868,0.11967422225846847,0.009379931080845954,0.0006870035644094341
13.400979701217961,0.7437721203303526,0.45732516580291527,0.017454926704853192,0.11364808813149689,0.19033811633644998,0.028820921444866865,0.09464580769161672,0.006817424963515631,0.2351542532100528,0.009620439312128658,0.0007337826887726391
4.1759071216907655,0.26912935616531636,0.6848417144358079,0.029882513573449794,0.08772542539108727,0.1330297132679383,0.20226379743520867,0.048025087252799636,0.0009858234339442627,0.19818510853618554,0.009236379029048114,0.0012740880998288466
7.186324017219792,0.6367899148599717,1.1377920826688548,0.017620099854314432,0.047340361747666364,0.101095818878463,0.3713296245540052,0.2355428353466968,0.005954777921719869,0.11807927339701918,0.009688917943636311,0.0006907480790195896
7.118944155966695,0.5236473232375378,0.8352210334788456,0.017486708722658582,0.024720139693906705,0.08347977804240854,0.21668607818303764,0.07231522126916716,0.003141982531088168,0.3158432378191323,0.007458656112183354,0.002539302894075585
10.993483894451265,0.39792695519960886,0.32422895525989487,0.012465728905935992,0.11287144623487083,0.09705730898345107,0.26715893885447883,0.09642401209277435,0.0029009848651893504,0.5418977018839123,0.00841058574105183,0.0017205070495523562
5.112321327945858,0.28303920069482374,1.211620800619576,0.04880272398552633,0.05902678945728527,0.11467214367529346,0.35521636767106,0.07432299561375903,0.003256590738434996,0.1943810897392502,0.008634628878029897,0.0016910192482664987
13.937568708130193,0.6886724004034962,0.25930890132288187,0.004181836435125504,0.07754130670433881,0.1505547825893173,0.26564848330433277,0.21056842886533783,0.0018546815961971311,0.20876516014887905,0.00945966701006177,0.0006701628891747061
6.0457584228951,0.4464904307978651,0.37872101077824427,0.021113594776018596,0.06308561102877697,0.07384052400372117,0.31746701476204553,0.12924998469337842,0.0014686305941063512,0.34546033676017296,0.008971441417470364,0.0012642749858067406
8.720520488047123,0.32508553308733984,0.767829048637454,0.03326874202154536,0.04412390346471983,0.05969345205475533,0.12772884053175815,0.11245440579505926,0.00641006276540208,0.22636905547316016,0.008952890205170549,0.0013447498993739643
4.371705587903339,0.4233958770998196,0.343100141592229,0.02154669011853734,0.021334062551443125,0.04817825370496043,0.12901579156208776,0.10627686416590221,0.0015370141567735978,0.19184371232238956,0.009083614334552195,0.0014316259240862979
12.067237364401322,0.3114445592795554,0.6263159573656816,0.023030433819823955,0.07074425703023604,0.05183625722803631,0.11028406905161438,0.1517309751369451,0.008873961469610218,0.20490991797319147,0.009741559715218511,0.0007260708078125286
9.93024685049466,0.5945090954446856,0.9163514167930161,0.02570398227638345,0.040522616473320776,0.0736146812412477,0.21576007962329538,0.19346170998903417,0.0018809653671716898,0.4021098397670624,0.008433304224018263,0.0014578392624490762
4.802077510508314,0.46178731615113516,1.4588050754790016,0.024458832024998586,0.05060779953909984,0.07804453899416047,0.37056638665960606,0.19812682327159706,0.0051283814058484785,0.1593997517577611,0.009465164238367487,0.000754278462043324
7.001990981173559,0.24384676511672781,1.1723400916374151,0.04876323615715235,0.05344816945512904,0.1231149215321308,0.2714214218251211,0.07172326680083087,0.003500825016155536,0.15245110824687255,0.008677338715381667,0.0016204337353200105
4.911901461702884,0.2272859318433596,0.6602633572286711,0.012897643092322691,0.08392194642599612,0.11526795205587671,0.4868794437499113,0.14053953607244915,0.003884476009239165,0.15611162084363703,0.008914757331219162,0.0010467965425092988
15.588824826512829,0.7460847299233156,1.000180700725118,0.00986964412816009,0.04183515387550289,0.12966144525476325,0.18244101550025033,0.14083466458224733,0.0022967720152741095,0.27151320108792787,0.008900414551055525,0.0009884534831530259
8.997832446766708,0.5494678022965912,0.8493011381941402,0.038187159029538835,0.03796837628168301,0.05609992326285658,0.4058347289337624,0.19496246915455268,0.0014604185381661698,0.38212673518165774,0.00904687017312825,0.0013560911112612238
22.044362930565313,0.6442098168308199,0.4947502450449656,0.026979841788961588,0.04212839319969182,0.06717107564237243,0.30778545143882485,0.24256632823347643,0.007775446898233822,0.3950028570712852,0.009262294160526242,0.0013545848923991028
8.785055019747093,0.6514890637816612,0.5111515633695605,0.014450942870012452,0.02747468357085725,0.06184303655717264,0.29106884436454866,0.18801563142219127,0.002141841518859163,0.46871924324461206,0.008336845749149427,0.00207143895668829
8.004337965990262,0.3827866841434129,0.586322805697817,0.03897020857827074,0.07655748137476118,0.10359319378315125,0.19693299699879518,0.03773730206019313,0.0027923421891029475,0.29361985092724846,0.009262758735738102,0.0016193742471097893
5.124329021504325,0.3325411181579577,0.3038866177612793,0.023855598114992296,0.034564149543372266,0.055959072142256046,0.21187867529818238,0.12014768158159571,0.002069110539970295,0.1661527208644557,0.009399026814017572,0.001179437292858932
7.435216776807251,0.4157801383230482,1.4105211301013685,0.01867740333181605,0.08041532501058794,0.13218472488195693,0.28795616017966896,0.15751801637800797,0.003981613811022926,0.16582526737534672,0.009064746508488744,0.0010426158428623199
5.840597959525256,0.5856615613030671,0.5846905431795474,0.01961401737539477,0.05336094148987228,0.09032138544656283,0.3854401171056958,0.0667380392436488,0.003332367984118143,0.346990004841226,0.008983226954163157,0.0015828288548373685
4.192682831704483,0.27352335461361166,0.8293832455020996,0.01665058577113374,0.06807429053612091,0.16121376085888386,0.14779933891255426,0.06154271174725688,0.0008743570176378646,0.15331531432611484,0.008655463046222339,0.0013466843736477264
5.459610388683772,0.31944362259514225,0.8137881418705227,0.010228798027995053,0.08679760019070296,0.06935007199952724,0.24042563818531182,0.05997109073295074,0.005194857233513333,0.3607351766713586,0.00882456603893494,0.0014099672363176272
5.687591088976487,0.379140479041197,0.3044932616355641,0.012196649266567527,0.09621316474335131,0.12352301291381432,0.32835513070072986,0.06468672923697776,0.0014267612175103792,0.38587502752812086,0.008589361806356137,0.0016743453743548818
5.281834152109384,0.2626518614317682,0.5591961827317928,0.03078295723583832,0.0437831855612396,0.05429613752050704,0.28852250394832424,0.1797856211672073,0.006696447610208969,0.17448920219324643,0.00941616132328659,0.001131455416672809
8.765881128685734,0.6122985926960407,0.5585387992582174,0.023323324672752596,0.06097737210581503,0.09959293189217742,0.2325683692548265,0.19343025753589435,0.0058967676656602646,0.2902270851541858,0.009344819544067828,0.0010900857589711088
6.798591636289661,0.3888194607128199,0.3731496007087369,0.032542576032357676,0.06929139622018432,0.08335691009694919,0.28806864308309515,0.12174566498501277,0.00325789281197376,0.2692196732898851,0.009355936684017067,0.0011987150841101949
2.4979180246860206,0.6900511673576238,0.5446204238142192,0.01974131958121046,0.03844314470099904,0.0819454755454345,0.26103854940361154,0.21881912204218187,0.0032167485292160453,0.31198703682939555,0.009136547559650569,0.0013177479619736023
21.39252270675147,0.6356053459234928,0.5676683410190696,0.02552901822024615,0.04050584662542352,0.0999401910488999,0.08930458293426907,0.07109568860040436,0.0011814745487196672,0.3729425131177692,0.008635859960882477,0.0015337437115310684
5.792817143838047,0.7355898267370119,0.39878614207729945,0.009418591963260026,0.07834139961765196,0.11768946448563476,0.2405603611970951,0.13835302224197865,0.002469892449410642,0.4167482964370674,0.009252834843253102,0.0011657262646328566
12.009423455498593,0.41200058060242006,0.5149170776390473,0.010722139723693793,0.09381768466364802,0.0804336465761975,0.209721662286932,0.14609013356118528,0.002499340707892158,0.4151969813966858,0.008776215918840334,0.001229157067680799
2.702683181381178,0.543236932428598,0.5992975429667778,0.008620125617019197,0.09113993997681152,0.1296294824636536,0.24891821925670998,0.16981629355985955,0.004202400508477932,0.22830386813730127,0.009090847737544918,0.0008899535675721135
10.036038492813294,0.49155757343016077,1.37428951187028,0.045311750331974786,0.06526088352581924,0.15628123357227885,0.28889829833165864,0.08257378086048144,0.0040207795558311965,0.21671081085046046,0.008792953241633737,0.0014386105723375661
8.956717049797518,0.6464135614193748,0.1806349059808745,0.01499093714842029,0.042258335155431266,0.08880520118012879,0.25049945273182755,0.13510104499146947,0.0002165322150411656,0.4081382067281756,0.008823740099994704,0.001589448190428039
17.29554147933958,0.6772528174449236,0.4036285143762191,0.011974265137968308,0.12219044112817078,0.14874832554305284,0.1594119086594155,0.1501376799913529,0.007213667251277527,0.3353578637143704,0.009251653403858914,0.0009045003664878966
0.024920572211745373,0.4457219270809763,0.7451896958682563,0.031553724259361246,0.07677433197516388,0.13014109048713612,0.46983462300958734,0.16198754756807196,0.0048420697212463015,0.22558106049952212,0.009088927054528425,0.0012787686281430426
6.726611009661692,0.7037677658847148,0.7704571436854736,0.006739709561434241,0.056878242817268485,0.09513606235855675,0.1799957897260762,0.13163616729128655,0.0034948865056561515,0.4290196458392788,0.008819574854982233,0.0014487987241969256
25.826625059356395,0.7683135877429581,0.45773327594060664,0.02380338849927211,0.06806310651188045,0.12760878502574077,0.21112969207005738,0.17803644204275992,0.0047163402546338325,0.39885317293686956,0.009438891555663879,0.0009959366629785213
15.614033266756884,0.2858880953529407,0.5263467902883104,0.012877056275179682,0.05438754736978547,0.1163831571692941,0.2388449735124807,0.06320518337819031,0.0015750839237499798,0.1633370672933174,0.00860671170867494,0.001573536368980372
15.23417379831842,0.7034290753358463,0.6001911830259592,0.009643564070151244,0.07994733109725348,0.11444738542665041,0.11137253346884443,0.11203114572799028,0.0023975048107160303,0.45425122630201564,0.008863828121847932,0.0013753636295996058
12.477702134255514,0.20059848798178062,0.47374450038227467,0.02303780571748054,0.09812196185699452,0.06106562041394665,0.2845259161280965,0.10926095519400814,0.001168734292507396,0.4540994837132605,0.008800506530151032,0.001325405301493733
16.78962742575776,0.5556826166183318,0.7989946533213848,0.01552267562322113,0.06001841926918346,0.059250984288001116,0.32113456895510406,0.24531585041839052,0.0017219227854934564,0.35064298066286465,0.009204553342753549,0.001010287364528139
3.687911392179571,0.25576696758859735,1.1769901025288172,0.05601965130088926,0.036394121847104915,0.07722275292076128,0.3530129187256826,0.10161295942072392,0.003340358106252598,0.19054539222877878,0.008716934569895378,0.0016782193613907143
22.095640450277802,0.16915677020509318,0.2124031988042565,0.013607587270461092,0.10683552539964133,0.08384124941465965,0.39025896878172345,0.04875028461707395,0.003446032647868763,0.3834820405735318,0.008960889311607675,0.0017903147543061402
18.869113825637925,0.3927805761816191,1.330404320084482,0.012571687697539956,0.09967926180628524,0.11908913252780602,0.04595576132190679,0.07129624204845275,0.004116452980650332,0.2414490100038235,0.008901083918926708,0.0010918004661655879
11.694075420614372,0.4960741968142033,0.45715525172345317,0.006374241011354765,0.04329571038860007,0.08995191241583644,0.15732550246236646,0.08568042011447026,0.0005063105716266519,0.20831794541579396,0.008821219091219615,0.00118803495722307
16.70419104773976,0.5102704336258568,0.3626111579257694,0.026619373197341763,0.04838956322166398,0.1072243836221533,0.1361071548918818,0.04932031146418022,0.0034767596885671805,0.23606366162557257,0.009247687226649228,0.0015018378148389014
9.530855302579118,0.4978816994340506,0.3586009397690906,0.015050342589100964,0.055661570977404054,0.12351486270536412,0.4832734566810719,0.09973148993428668,0.003075940485209116,0.23982647538424,0.008847192499543771,0.0013925455627369497
11.372547229450769,0.6563866488773095,0.607670321095634,0.01876161616813572,0.0594147551962375,0.09700345335705954,0.16666763240618263,0.16608699250122855,0.0009003709433952089,0.3548448461252204,0.008932843481760351,0.001276090184385456
6.357485305079948,0.39298073184662624,1.1605854904395991,0.022443877386991194,0.04329233826223693,0.04530967445809836,0.24432267829442228,0.2187251063232121,0.0057396231003537315,0.1703171411331449,0.009284501847514937,0.0007662141374815583
7.244914101164706,0.5970430345085656,0.705942195087592,0.019242084310770565,0.02256095113948231,0.08295827294706586,0.278131648698586,0.20847161235034245,0.001891045726493301,0.1320321771262382,0.009258477674938972,0.0009041059463694623
1.9762076817255618,0.531258609302793,1.276170675320884,0.03222629862569445,0.021275382626943562,0.04703782358551968,0.18874146479124357,0.16206145309662354,0.0019199438130536534,0.47268767784786,0.007241380721496446,0.002824686709905985
15.63092580856166,0.18263969429094823,0.7474483071773326,0.014130976447948092,0.03459915110775126,0.06899564737831515,0.1957452611974247,0.0704865864058549,0.00010079953875845164,0.19580553001587522,0.008238632932079305,0.0017447369420607955
6.784119052203158,0.5263888983971029,0.25046458622397344,0.016650500003276496,0.04236230708298491,0.06899660155576708,0.1425338596167558,0.14104822928540772,0.0021776307715563187,0.16892067602389424,0.009896655214755922,0.0007757527513319632
16.47845602519431,0.3119145335141325,0.32424208356757733,0.011129264556576176,0.13154005226391535,0.0978242191859959,0.26256399021033844,0.04346073979902371,0.0006517111567943957,0.647031186897514,0.008337809230088254,0.001778596708364422
12.631919738801022,0.5298802487209261,0.968163946773958,0.026312962531374988,0.051437627037711126,0.09256021656701745,0.2410047916835381,0.17917322990349277,0.002606074080139315,0.21361016768120122,0.009098879590132303,0.001093512765586513
27.685197428582637,0.7666320178634138,0.6036515582699333,0.021525389705285416,0.05857210895028248,0.11153289814164527,0.19167652738241414,0.16857655428456153,0.006679873293770457,0.3988784565186811,0.009532801049344902,0.0010145655587047938
9.91925657055645,0.5343242896723278,0.5130895212095807,0.029794346413397805,0.040184888831353203,0.06141134346297751,0.11014253348954597,0.2235149462901916,0.0028321329433583916,0.31072290719645357,0.009318540322147312,0.0012214700105831365
5.428223689610952,0.4686802989806122,0.8130126266100061,0.007385256364428622,0.04128810108315119,0.07174252242074972,0.218161196774712,0.10772359171063325,0.0009946172817457317,0.21341019947440726,0.00881764669716556,0.0009600948497646248
18.38213141921336,0.6454636778674954,0.6174469757307892,0.011819480298741109,0.06050306531667237,0.12040747277627041,0.2044154958018046,0.11981537046381179,0.0060376349318042605,0.22662005132775426,0.0092276807272588,0.0011629626188001234
4.936588369573072,0.4552558637272726,1.2667529329766143,0.014496465682223531,0.033127412735738354,0.05265299275915845,0.2641714167824518,0.176315364072969,0.0012387333633134107,0.2874639363067676,0.00869034649594017,0.0014507770661621074
14.591440727326875,0.5539212807672913,1.1116669127012728,0.015630596143974395,0.03262458275002581,0.05538810951262674,0.04912529583920121,0.08596736032670703,0.00456542252911545,0.2920346192941935,0.008898121066935957,0.001221192993188937
2.604876661353371,0.3035703041461825,0.541188297005311,0.026810244222382616,0.07301229411149807,0.08842995869334119,0.2778854150625406,0.09428745339619472,0.0014358294898382362,0.1902521458782156,0.009457177909743365,0.0011199136716652947
3.2746454253192425,0.5008213156103443,0.7337834750217382,0.016421448289022214,0.02744590111968088,0.05654198462549242,0.2316382599492297,0.17221893789147877,0.005295545443902162,0.2355316974203357,0.009038691861796655,0.0011829858190514056
3.510295622810601,0.358956531443712,0.3776825915125419,0.02175915946382966,0.06516745724817116,0.07212631652827113,0.16760788847608227,0.043380491698282675,0.0014770503285321285,0.2704910091097231,0.009448507364569005,0.001143551197311398
11.969046455848172,0.4457136850362922,0.37545650089452776,0.010088808061716106,0.03448544680369978,0.06045033612517495,0.25089686701547637,0.0708313665448225,0.001223729605057321,0.34283836656026073,0.008343041362310613,0.00188756188861958
19.216414202045744,0.40941673451241406,0.28229054164687173,0.01190508123605409,0.087724502970747,0.1520970614714276,0.30264402291758263,0.09896068798563734,0.00300164129571632,0.17989854367676714,0.009082309625823938,0.0010925747983294672
24.44968582190345,0.46146044608879294,0.4882308481553369,0.011844501500918637,0.03348358249970165,0.04896073818467123,0.3220129673192422,0.13813171019461312,0.004996977603551919,0.24991092254591013,0.009075315190020276,0.0014029374029004278
7.03305250881921,0.4052473470948343,0.8749372535382467,0.013220212117588063,0.08579409374498603,0.1139883754282654,0.2663584925455414,0.11896507789259454,0.0011956214342225694,0.13752229384322992,0.009457225791985128,0.0007654938658634322
3.6630589472036963,0.35261098917415035,1.1601045457942027,0.03182564354125472,0.045155531208746005,0.06040308271968886,0.20616993588777083,0.13657757607030882,0.002849774277705934,0.1850444176052698,0.009177601720263035,0.001054709824469906
6.8004296953366445,0.303895501415299,0.4376348608524575,0.017780566011028256,0.09555451786128745,0.09047564521800255,0.40988129924326877,0.10553506858528391,0.0006650476724274011,0.4471747125115773,0.008518421881228068,0.0015592825823016632
1.0381168119607498,0.6568191034562203,0.34062524956872786,0.01914417060733213,0.028366177404272386,0.06170124648018721,0.21067967843460988,0.2389217724769821,0.0017199293334651876,0.2856605460407149,0.0094805028171413,0.0010795709905642983
16.02455908924001,0.5921922792786755,0.7420038915555971,0.02993410030212035,0.03079717904723225,0.07986598119419752,0.08514883093379627,0.04784031026732344,0.0028257261712695907,0.2707408960977253,0.00859533094682798,0.0017367141741868376
2.8549898773949725,0.6418649658794472,1.1565228495813549,0.019199397061297203,0.03683411074350147,0.08006052276964427,0.6885002435375411,0.22544196030480068,0.004622704770461913,0.36187840735680205,0.00871348376471081,0.0015507063172932444
17.899215458789524,0.5502257485963256,0.6878078656929407,0.02533906927574066,0.046424285711037794,0.05780573979256653,0.23950603236357626,0.13580850892171403,0.002887680689120064,0.39904258792592534,0.008800521329599817,0.0013459950772502318
16.93531717491784,0.7266002163042053,0.5077218083137441,0.01049587746328064,0.03539310051509331,0.0927706082275119,0.299453504556608,0.15785647124892102,0.0036426303879782355,0.3751535820109524,0.008677840104579223,0.0015471282052195372
4.187420142384329,0.2805273122376978,1.2098920879730948,0.02060136309583029,0.05938560352714037,0.08602513084303319,0.3082246260625463,0.07328144413410653,0.00046905475402625376,0.220979563026382,0.008559782296742216,0.0013058684756906951
2.7979201403474208,0.6570428420466242,0.7845683012104009,0.02786093906023202,0.04715632194831926,0.08969242940464356,0.22008048917373818,0.15286239196733523,0.0021297764117846393,0.4152856754271413,0.008516128348541553,0.0017058872818351903
8.812443283825441,0.4601071622178317,1.4780575465116161,0.024638414020137687,0.05820750043471808,0.08519634043777502,0.33012534020265083,0.20177236497012047,0.006636466546919319,0.1700727452790334,0.009327523390623095,0.00082849001350718
10.998493307483066,0.5027633722750735,0.9966083656031772,0.020001841205739605,0.07174480042749126,0.07971476488673955,0.429324466663142,0.24967909535805297,0.007421389611609324,0.11806104238802886,0.009912497577193518,0.0004687060243040318
5.761621280627237,0.6322310777243453,0.808440998377253,0.017936256692377965,0.0363383465568747,0.07906053766923857,0.3551111698133827,0.16611501006560372,0.00012889586806013372,0.46515748635482157,0.008256724903784284,0.0018828690549440915
12.13823236973164,0.7170622511258186,0.4210382490389484,0.009901823751642735,0.05553769965099148,0.1347637082593767,0.3099262124961132,0.24711255584656655,0.001809564066414034,0.1913273030549906,0.009407231316941846,0.0008288188310375559
14.602403280703975,0.6416038581373417,0.3010951420066927,0.012813346978875683,0.06551540423421759,0.0951485660639323,0.23861962770337372,0.1094180889561164,0.0014239126597352676,0.3775150130440363,0.009229670148974788,0.0013374909600115889
9.920125650026014,0.4471392469875069,0.5741769085521979,0.00929025050761232,0.03875745980111922,0.06925899092443082,0.4731646106575026,0.08134536333449441,0.004101279885645914,0.45049481657635526,0.007453125881524859,0.0026532357867633683
14.18848771521909,0.2505595840024701,0.4827905090490142,0.015436808874170534,0.053973861949600466,0.10619161579022969,0.1190739978902031,0.0359488669634693,0.0032879030668313824,0.1624814057972398,0.00895467005705835,0.0012734609343773896
8.840890961669862,0.5399215156762197,0.661937454145914,0.020198169442450765,0.11316413862304599,0.14948217176217715,0.5763545991932918,0.19030296351956769,0.0039189481875326225,0.2627054187428437,0.009282220724622613,0.0011123902922942877
9.430957312661148,0.5033658473870026,0.5503149183160193,0.016192703820858998,0.021795431207318725,0.06728923578811595,0.3591160099918778,0.09619196014709781,0.0028769360943528624,0.33675824227485807,0.007550763570636093,0.0025399185949481675
9.085403349163755,0.6765116299459131,0.8644662433275847,0.01212513635758486,0.02970553125434029,0.09374254332141557,0.6401408735118678,0.1896106399765226,0.004169704843151518,0.2554756726329759,0.008701901976909244,0.001430700447069243
4.2524677499987265,0.416366555055492,1.1853722402308875,0.025864506559257778,0.06101251539271877,0.11424157399543211,0.3880901710269353,0.08649832493025429,0.0006654161257779185,0.29514876912797605,0.008296424011296552,0.0015699618788013283
1.565785388552202,0.585036621624193,1.1865936677295121,0.015715271230143955,0.054117232181499865,0.09453470417898009,0.379825564124447,0.2263426458128019,0.006230714979732448,0.149082083648722,0.009655246597274108,0.0007400231466133188
0.031446521431091945,0.4402389540187627,1.0843291511115256,0.01616985747358612,0.11319475713999161,0.15560275243142696,0.49566936305901077,0.12811997009452103,0.0024905989011216345,0.17422345213957022,0.009313986494639397,0.0008943466318433276
11.462594739180927,0.6689864396155141,0.2829723486772137,0.007378846476717264,0.08919070664739963,0.14684058147289983,0.4264030657840435,0.20631126996172197,0.0029206621556693005,0.3055879555417785,0.009046489745928055,0.0010244958696026076
8.519530669547493,0.5212945264862556,0.19018544054002398,0.009879734144485184,0.04781982508330711,0.08314382066316366,0.13341280401871278,0.043512920747645886,0.003008019411221493,0.35535019191611206,0.008632471399295991,0.0016355723429469472
8.470395191099138,0.6062918542902543,0.68951811415342,0.014665749496091729,0.07143843605664968,0.09492964756586593,0.4600160315441433,0.14752413939333447,0.0019966545486497893,0.5844482272014424,0.008303760740356521,0.0019146601566930566
8.06943124402144,0.6116755637925475,0.6781739559981079,0.01780792098496007,0.04149461247417602,0.07910060173899824,0.05324315358841682,0.07599439663317528,0.004338094071188105,0.250826281389924,0.00907248271732039,0.0010768083640592112
4.072913195809138,0.42099201989710894,1.5455329401522562,0.018162371526931245,0.10493199309073865,0.15479068148208436,0.29009805322111665,0.09371979353225496,0.0025745741114666723,0.20693586578755632,0.008856289845327532,0.001232896262289673
9.699818000573135,0.446380457855541,0.34339592371142386,0.011595196166463678,0.07568432251585808,0.0828196363689567,0.23969209921329696,0.13196720928538425,0.0006466755259052044,0.377936583808569,0.008801809158618662,0.0013132083457538682
4.161999519784037,0.7746077570067222,0.47918444225879037,0.021318440247073953,0.10018803563305835,0.12842440839952626,0.11462471395303765,0.1211381182157124,0.00481463067004782,0.5088916307672601,0.009558572608805625,0.0010980631759784716
0.31096589403191555,0.3397271512678546,0.9354277422769233,0.016177326386236562,0.051098645117632,0.058526250555681975,0.0861428418963679,0.0872070565359844,0.0024928890402843547,0.22671482741286142,0.008995401933272848,0.0009249991114030719
27.03285883220152,0.7208658061225552,1.0824651787182173,0.009561296749598627,0.07818676887928237,0.15787135771966584,0.43986728924684004,0.23766590233384288,0.004535034627576319,0.22709783128920777,0.009357858828538942,0.0007737047872405504
18.65202674546571,0.4883765016732822,0.17522702746596752,0.010433227072826923,0.06842915935522649,0.12768667556787489,0.15122425361380698,0.05281707562683664,0.0022367292121346035,0.3471742858118571,0.0082905519041425,0.002051443893449014
7.469718212029015,0.4899519932467332,0.6322625319168375,0.010065897140901883,0.08946076475039273,0.0957451757666453,0.10356950942129844,0.1388082366153339,0.0018346786395528982,0.195070520654052,0.009393396285731496,0.0006585791258505258
6.731071327224819,0.5813277070752929,0.4522084960919654,0.009440649209640491,0.11003091861344752,0.11010141447801919,0.3732520859684973,0.0914021330224892,0.004939803528286048,0.36039360906506956,0.009281707890842218,0.001241213611515732
18.226872387200537,0.3890154182689386,0.3279202589131279,0.014567787467859415,0.07534122881980901,0.09697651047014834,0.32303038256205063,0.05807534308949931,0.004492905208556277,0.3935141498883523,0.008369354908376037,0.0019843924551759227
9.9259103773628,0.5544323234509758,0.3497440561535686,0.008562283388856345,0.0541476622675442,0.09412364226010622,0.14860872042435885,0.09479266767355204,0.0036710957005091148,0.19998269255760137,0.009306918103178477,0.0009571894533819366
6.241181092506265,0.5802384516441444,1.1550406455705051,0.012723332925895375,0.04198336138632024,0.08611995831031552,0.2602525337754937,0.09394729235934815,0.0033412045646093085,0.22384986738677465,0.009146756871534722,0.0011141649628185328
9.536578163890109,0.7467636643099819,0.7516412426916033,0.016912298595652693,0.07393643171018759,0.2634365795313748,0.19131593944456377,0.10980037498321184,0.006451146533130423,0.21008522189471832,0.009256019996062487,0.0010739773342921806
8.872742812845106,0.4237307799704375,0.5391050450306558,0.033485862388312894,0.045405709086579614,0.0594307610863948,0.1794283631255549,0.16909310706266703,0.00795505973232827,0.26520007473547375,0.009390359015123176,0.0011877412668478318
16.119342085238344,0.4403980294793262,0.27504466001617955,0.026907787882207487,0.07027231773465173,0.14585162422886658,0.013043274998359305,0.03254494366313588,0.0028411050535365216,0.20350639485374572,0.009243517451573402,0.001346195507849472
11.374169631227698,0.2137417971828011,0.4992743486889203,0.03193298897717858,0.09496914578510131,0.10175343159324776,0.19570101490414232,0.0639984540837927,0.0010046670929659636,0.25401746138927217,0.00917670550981946,0.001285388888903995
22.275445826332465,0.4220598561372168,0.7308613939139963,0.01587055112832491,0.05761932374829915,0.1065932869096051,0.3714470949792289,0.1446374759906573,0.004519196091982958,0.17866709295621216,0.009105858651787868,0.0011825462319391732
7.570678371943753,0.5750977980958695,0.7894675970393517,0.015128693170875892,0.08983240417121888,0.15076979991870712,0.07601374357495316,0.08114049695558463,0.0021367014449514294,0.22307067832582872,0.009048509554171318,0.0008341899335002317
3.32206261263876,0.43023290356798133,0.6742282290761593,0.022604648888772862,0.052459487570030175,0.09936823496608449,0.2089093381918528,0.08220773894371929,0.0010054210484922647,0.16979943586781884,0.0090298523976698,0.0012505652070992459
3.925998005389732,0.6815597676596932,0.8529798830155517,0.0061175866913124625,0.0539368970376606,0.12138436210256077,0.21460906386081824,0.09687385056016634,0.001999058250948027,0.2846550254634816,0.008711326633329224,0.0011139728542911352
6.902332532125187,0.5869429437914996,0.5618273276166651,0.013242281881351868,0.11500610026612676,0.1652374783734526,0.2745374183135557,0.08792779722398256,0.006639113821688586,0.24711740626024525,0.009224869231461957,0.0010833232526972125
7.905551991913864,0.180786239093441,0.49328901909414574,0.020564176991582743,0.06345693871259414,0.0683469159518687,0.08820367865243436,0.055164400334273896,0.003075303333001791,0.15334545263435106,0.009469766871448827,0.0010656674185603194
4.048438338455385,0.5208714430958679,1.0353488370414732,0.028601726625565208,0.05717431119251153,0.09667168668856346,0.3864080648893333,0.11715120093797224,0.00017675088341515184,0.346796057580149,0.0084872258632768,0.0016886655273877164
21.80788558011998,0.5744137116910043,0.4925840906493336,0.008787366517247368,0.058220013050139116,0.10110545596919945,0.1659951738500349,0.09404561218572544,0.004770134295452668,0.2548096156109436,0.009186831406409673,0.0010414002819147286
7.790462545872545,0.5111645284204916,1.1739898383883034,0.019819297897197122,0.04696420318769869,0.06963140468607612,0.3617569186570935,0.1903998599932693,0.0017243444609249764,0.34653861408867526,0.008572276567624751,0.001665995089678188
9.60063359575599,0.4158674283244831,0.827967372116921,0.02584413682478956,0.04283505025569534,0.06274947517782423,0.20939279351233056,0.1935875211021857,0.007590128020548782,0.11522797650403509,0.009801531844567364,0.0007020627110363931
15.150032415967342,0.7410740784292046,0.8656081705096413,0.021470064975944895,0.03242839565253293,0.09378333260684986,0.2602928125619555,0.24816078526501795,0.002548336700966236,0.2359928396937113,0.00929446749235744,0.0008268250999382399
16.035360048330816,0.6352708568264025,0.4393374139978484,0.015023419425997227,0.056848581699179127,0.10450392200866863,0.25964870008493796,0.16724360112306333,0.0020087776680272574,0.2705868758413188,0.009238372917945954,0.0011536308185373376
9.742356588606157,0.7145446632113646,0.4365077553053065,0.019968558343204816,0.11456056403777473,0.1624506303935968,0.09721061112018012,0.11453872309586674,0.00644922136793607,0.22630187166831167,0.00963202098675295,0.000620518948366753
5.897034114611699,0.4543644853520059,0.531262076859202,0.02786485580118759,0.03708531700304609,0.04050004991134658,0.17520455987437508,0.1554333394097617,0.0029457249508199864,0.2624647839634148,0.009630098125440772,0.0010570820328189973
19.39897850671287,0.7587403769788951,0.7546308783016413,0.017260122339820962,0.034457707886592095,0.09929569289099474,0.22730308555213988,0.11884342138079615,0.0036004856834632314,0.37226999465645844,0.008767656281542689,0.0013102605404926226
9.098640377414982,0.17679828229540406,0.30030856138078066,0.02226959747789035,0.043668900788528565,0.08489886475149959,0.1206639298501958,0.03723392892567043,0.000590715689637773,0.19560723768416177,0.00860704863133317,0.0016464311925543631
10.322149709713791,0.47090205844615796,0.6900509676850409,0.022365596721645876,0.04683038141592517,0.08577132470638399,0.13478247251570336,0.051714757211011854,0.00042609768070187557,0.39670131765728406,0.007978462802185612,0.002280868181522715
2.4866426933076635,0.39230411144972677,1.4156240709730716,0.024626781467279233,0.03902047873472443,0.06460005430919998,0.30110125277452787,0.11435311942248562,0.0036758285843089713,0.21768673896529717,0.00878169625886542,0.00132133639834693
15.453314204342721,0.7521090365369186,0.5461400311009208,0.02501378310603788,0.03872375624999066,0.10263439682540493,0.41286882560764254,0.2316446969318464,0.004331963372510817,0.36250186674358864,0.00930359285335815,0.0011893094593171981
3.7957706877404935,0.6528664865579652,0.27513340781423407,0.02726833803383559,0.022778267682076934,0.07184101341538215,0.4958637616522829,0.22959317826714484,0.003432278640856966,0.2652432360217881,0.009359434227156547,0.0015219360131682293
13.5562023856311,0.6992159299758569,0.7412409998853939,0.027996550935822893,0.03128254778189468,0.0938794773414577,0.2755583024443644,0.24329019296826307,0.0007688860422701185,0.3782929638535184,0.008570886965725333,0.0015473646786189211
5.340922540525886,0.4059606974096956,0.40066795990111176,0.021130180176069442,0.03583764062666753,0.05759099513439325,0.09118697314976104,0.15410521582661257,0.0024073884802337485,0.13099639516081057,0.009714746449405239,0.0007394840391164309
8.516813791745678,0.3113422475946942,0.3369325079814331,0.025693195746397373,0.024269311923728228,0.055527201635509005,0.1783346256099524,0.0838351501442441,0.0026741861968009734,0.21835988450312427,0.008516510236301776,0.0018681646128043791
14.576529599526447,0.4298545722338778,0.9611222201069639,0.02287317468521917,0.05403488209984854,0.09015373378581415,0.25479961271591217,0.07417553290811943,0.003641457781985957,0.2627083670939664,0.00876820913696621,0.0015553846397000286
4.847329266401598,0.6061500978563841,0.43518038496881906,0.0032014044477325114,0.036660611619424285,0.07374854663397867,0.09273855223830468,0.05560541625014947,0.0028142702292950914,0.36520034727485906,0.00820725580099964,0.0016406939983082073
20.997838753181075,0.46734572628080173,1.0936054675013998,0.031118096898967704,0.06056683936750305,0.0882656892125067,0.09095513979182321,0.10653568343017308,0.0038015901681768497,0.1991453480608419,0.009209509505533018,0.0010015874717215407
1.8675398576124325,0.3768049406091494,0.9495932371796563,0.008895794564685776,0.09279298293255882,0.17007881365444835,0.2734055395432576,0.08518552557745043,0.0016548300985373173,0.16229328589636194,0.008805114279243952,0.0010959518045514337
13.611664246931056,0.4569224135118761,1.6865918858935753,0.01776926312806621,0.03463097959664239,0.07194181116129165,0.1877525094225273,0.10406665878338545,0.0013623044593020458,0.34083543988756304,0.0077821797256079185,0.0020331308642438125
13.860367312558036,0.5588477469060117,0.37897712534594885,0.010799475271916735,0.05225476204573599,0.10177221399641091,0.34841452498571956,0.16879015928773183,0.00300640887404738,0.23912421038558607,0.00914322924493804,0.0011314653503945267
9.691885515247044,0.5331089158678027,1.260352073383511,0.018659559136361564,0.07791692972321665,0.09881131595422094,0.4600395754697987,0.22385190732053725,0.005152882840052338,0.1962164207870306,0.009550337320648795,0.0006871690398315838
7.942676606264775,0.41295704536348904,1.1111102115337195,0.015579506881328285,0.0730472477229424,0.07777829273287087,0.24607957500631056,0.15413882383047023,0.005616350224228331,0.16468385303316393,0.009435496948999617,0.0007025919963522905
3.427926813326115,0.5091906388151839,0.6601844272541519,0.016573380730384626,0.040035667097933283,0.12103478899649982,0.4419220737619168,0.10044223920168607,0.001134474334720741,0.25889973600438015,0.008143441024177,0.001951013266800041
6.784528788191039,0.5980570129894537,1.6123903772089563,0.008882707567826853,0.09321082029347788,0.15499515429406688,0.6132548540643212,0.2203996732588383,0.005195579701691347,0.14406909270348298,0.009451039389590658,0.0006965296405225875
14.881882863890382,0.7323729900530063,0.46636506229381586,0.01719833696416792,0.07244766397805172,0.13579555226878645,0.243315135191511,0.11732726586916603,0.0022177470969195466,0.349254933592882,0.009060164227460261,0.0011346434217690857
12.779002214086491,0.6049895773545502,0.7469062598806261,0.005302141309283569,0.07574564485016655,0.14098020304191938,0.3521888174214971,0.2150077068479841,0.00206093474015641,0.17052653136159232,0.009126610031885264,0.0007728841758740627
8.645324730029415,0.4448023302286115,0.5051518679919893,0.011251520149480533,0.1265827266900211,0.17533137707712232,0.3003058310178919,0.05813000704438039,0.003910827409574079,0.27866317829894205,0.008954494218019464,0.0014263015454143116
1.4168063709918566,0.32626976033904775,0.5832990066610588,0.04172284098316684,0.08523889034120116,0.16318586811175445,0.3227660280352324,0.10958252383665366,0.0016536395444647282,0.17298773859638833,0.00914744274975964,0.0011640631489869813
11.513807312457073,0.2885187310586362,0.26158307925808666,0.014142717314054656,0.06332370497309328,0.07745422412525024,0.42089031908710345,0.1500975461965674,0.0015049692075729839,0.1868724782560139,0.009230040596845622,0.0011243689290399606
6.3801795257474385,0.5428898739770082,0.5220478538594139,0.021604855114145144,0.11399250694568863,0.13314299559874126,0.408902115561541,0.11294568357879801,0.004196971732712293,0.42958099625315327,0.009059865532493432,0.0015853074077006478
25.972184227826073,0.7651845816811862,0.5759811035571178,0.013987531759051628,0.06787545788795081,0.10413264630678076,0.18017401888930154,0.1762606656548582,0.006940875377106996,0.4074046312073956,0.009563418433701112,0.0009295856363532136
7.872206990643069,0.6772870760982372,0.6334711712341754,0.009450893654810036,0.03394112277977547,0.06707626478710116,0.3555929891230607,0.20748076663268689,0.0007253710012088653,0.43296265579009047,0.008531387079825073,0.0016112642117060846
16.75347311186564,0.2604635477659097,0.6686940189174208,0.018043110006819095,0.06043759897261375,0.07421067533401668,0.2864291563373263,0.12298023900510134,0.0034842573932129303,0.20194940347250318,0.009116319660223368,0.00123444232693535
8.531918015198592,0.42933993930294667,0.6688458047534016,0.006352880046373664,0.048356520636248304,0.05867782838666959,0.04629883567418358,0.09610542965028585,0.0035232105563764997,0.2814366230481157,0.00864712095359415,0.0011542980185923158
18.567713303732567,0.5942784341605163,0.3798316302273918,0.012266981634316968,0.06579564595829733,0.11641212792687769,0.059203919426374985,0.06699930414913366,0.0028260526759697727,0.2835362995419313,0.009128244703535059,0.0010310887471871677
5.7816321321276,0.491862757415235,0.3039924897585612,0.03255104422815906,0.09874409726207099,0.10270816562923168,0.20564210751997847,0.14415611033732037,0.0033286526531422847,0.30007881941223763,0.010020252644430969,0.0009106442844452752
2.9082498120429388,0.44716387894217874,0.6180680346478193,0.03225357571759131,0.08159434935697855,0.17071147393096067,0.5495892529998012,0.16926577235158008,0.0034192664273847936,0.13758100186100397,0.009424697106281542,0.0010542414687252405
8.20260514999864,0.652918095730729,0.8516303793467874,0.007614801921692813,0.04350711126286777,0.12854403322232782,0.26363336328637055,0.10132606878874013,0.00213002696677512,0.3029382919544755,0.008320696690636866,0.001721459536428304
11.674287189917209,0.30692244727809825,0.7371326030075036,0.03414588963945328,0.05570122707361724,0.048544394212725384,0.2782389059477868,0.18745096666174185,0.0077106172468393245,0.2852344269399792,0.009414921623146465,0.0011371628923955257
10.286493876060037,0.47057547897152296,0.909150506840489,0.040158456809171,0.06469195773358281,0.07602488875196509,0.26314989798749056,0.11265494416913595,0.0055973209740960775,0.29013343665208097,0.009456243446311127,0.001051976669647522
3.8005472554544895,0.5209814876159742,1.1697268443541078,0.018569146588814908,0.02457320664123723,0.09298641562282754,0.511651669579415,0.12056200869678065,0.004013578874096469,0.155512353358645,0.008648858878155953,0.0014711907639143444
7.270055309744517,0.38218615415614143,0.7730415332889018,0.007966557336226868,0.06842472057179953,0.10545377167685344,0.256087994643201,0.042922095753549036,0.0029328981925904425,0.3055853793600189,0.008323636519890645,0.0018509619462787905
5.25811322168941,0.6234921939431595,1.0579022443589552,0.029189129817425066,0.05339074073101393,0.08735782329159317,0.2806519526830232,0.12524046010041473,0.0036540323518380585,0.2495485024908652,0.009479324576137297,0.001008598732378555
8.307796795834832,0.26784752751537244,0.37833949150195,0.02261833012810977,0.06213922792306284,0.12210911657090262,0.3006890986714496,0.07547652651546705,0.0025634575797339335,0.18192709595600906,0.009030287843051252,0.0014099691048221198
7.46713481890393,0.7368382517317722,1.2565606542501984,0.019426797433088845,0.09280061995903335,0.16851679468436634,0.0502650595344698,0.12911987459237004,0.004950694341033937,0.34994110657781435,0.009066748423719137,0.0009143360597068421
1.6233075511934745,0.24077363010265218,0.7080555796900736,0.02537126461341379,0.0697842909330523,0.03404516423665659,0.14756043035762506,0.206053111869474,0.008968334147307255,0.185917655811481,0.010001454003147182,0.0005316901074082264
12.260795937122845,0.5362204874818031,0.3722714157630598,0.01996526138150486,0.034142784939534696,0.0673010907831814,0.19416246835623696,0.10251350842894416,0.0033174815700333137,0.4265519585271509,0.008296961474029224,0.001940378198312809
7.339316730077034,0.22019453957858473,0.9700456632578045,0.03435032507378465,0.055197148161479845,0.04691683699907811,0.19100271797945859,0.15969788272673507,0.0038738297368217946,0.25912045638907766,0.009177985205156385,0.00119635996013835
13.009168345452288,0.367881515791273,0.5200980627229741,0.027616168973927088,0.05678512363885513,0.07852430302199545,0.46264099360071104,0.1264279685386463,0.003067686702356564,0.25124813977816035,0.00932671900487576,0.0013813914510954174
9.965426903838463,0.35427148561307364,1.0432629560395843,0.03113771652238915,0.03161166060902953,0.04597463174961184,0.321803813453366,0.19800105119815925,0.007735745045716259,0.16145736164155017,0.009555782427407799,0.000982008688373778
12.397659864576388,0.33926900852701264,0.303482427511393,0.018305028099518252,0.03369318140977299,0.06792675713254717,0.37948628869724094,0.05685450986615537,0.001016088314669867,0.23868598512502767,0.00862670994389602,0.001781865659854037
9.38257591022285,0.3045822481799177,0.2661471390277548,0.02349910638963358,0.023121458267628944,0.0499329959470504,0.227488860448167,0.07242327754297939,0.0028843567601240213,0.17658867160162955,0.009013431118452177,0.0015326159909826251
5.807396639934726,0.3937365037758066,0.2643185290108524,0.02174877028080663,0.02976788573401207,0.07034424375041055,0.317649306395093,0.16664524793505814,0.0014667369331231362,0.17230713224086436,0.009152970037995043,0.0014138180111779644
9.094851567618434,0.6290213213245757,0.6151996109500133,0.008753598536841104,0.07484055079107978,0.12845819966326338,0.3804191315906941,0.1747864175508216,0.0007503604655433357,0.287985898484817,0.0090904234110639,0.001057418688142207
2.684441282787887,0.31782561194247927,0.8492118386509729,0.02716624899063062,0.0810169692928924,0.06812674738317555,0.4997197540583192,0.11665958394570154,0.0033950263254929037,0.3580890512823086,0.008721840099847026,0.0015531184014387998
9.314850616054326,0.6235762492299454,0.5473475213986405,0.004477674409332897,0.12469956372183799,0.14038935244026957,0.3460796604386355,0.1572268980433161,0.0035333523626064327,0.5176200535550881,0.008504880198318503,0.0013858685067197115
16.282079598546748,0.2870114337995995,1.168319213920626,0.018181601533476976,0.06226996371740781,0.09478579257249761,0.14693183908040439,0.06270114911493016,0.002615556283871269,0.23434473701406325,0.008445763075007485,0.001532395965165781
12.304619329345048,0.3692701361128614,0.7264523078761854,0.013591172872302455,0.054210774164648215,0.0543039636899412,0.15799415660471222,0.13756310434105126,0.0013874610424006245,0.3578895132685943,0.008514074017515524,0.0015595976469751332
6.795389794242848,0.5126144904086991,0.679385186702247,0.01647398693334175,0.03271477880238042,0.06185972086908299,0.3785383804009776,0.12122553808463721,0.003443555181983805,0.42434931955879784,0.0076597785229777626,0.002512069479164748
12.569548564565658,0.5978193045100682,1.027825599256246,0.013151493569088547,0.04474354872076099,0.08131477863785687,0.294876610702044,0.19056894851418918,0.0066137035177455785,0.16142183301713067,0.009473414883765685,0.0007547951551385913
5.519941542933885,0.6152946085978506,0.9708876886927365,0.020883452245749917,0.029619553309556776,0.049979427402318574,0.2691463889938733,0.1573964326555233,0.001399947269893744,0.5438257103033918,0.008103603156311567,0.002137973250609239
1.849140896556495,0.4401795539615508,0.5677274729380566,0.017955385416085563,0.10561470309075358,0.08874684114259204,0.32224048359658697,0.15434528255062435,0.0018408539144872545,0.39153508164311923,0.009127300774847526,0.0011188226184562899
4.034269450210777,0.4774115736183319,0.564595869782761,0.013300179399531906,0.0601277239873249,0.09919379735941213,0.18648319922705012,0.08210106044600503,0.004487650493313981,0.2781767346218153,0.008858861962213214,0.0012611936743786591
2.5233447455725533,0.49041632151201486,0.8380357857395434,0.017611670820674854,0.058804217785636236,0.07481508812122639,0.2634631782568604,0.08585994559520799,0.0023537744928568607,0.36448506141326487,0.008828453732263734,0.001435459301914309
7.928243577541618,0.37572744302453326,0.7018025983700775,0.03352306572765223,0.030778171280096314,0.04687876280412607,0.1910051939566177,0.20087016624792695,0.007264745491905918,0.2001804097276883,0.009257879310182371,0.0010041099448865791
12.83212220402027,0.5924517459490775,0.2634967531354233,0.007311727081330279,0.06565613427308728,0.13850139414484064,0.32481925163341835,0.1960969157375306,0.0021120996318597387,0.23222116066244827,0.008989726779548169,0.0010779484018680204
12.12153751424563,0.3020218661855594,0.6200110751128255,0.04216577180208132,0.05590132299862574,0.04651150746668786,0.09602673748876007,0.03692919517025946,0.0020586009515316454,0.4498932055900713,0.008925748030849778,0.0015064441280429515
16.14355966094313,0.13032757849318385,1.0792930696653265,0.04947723798408504,0.03726829524844918,0.03219096187389493,0.277825677239961,0.08541596680954211,0.0012951231086143487,0.3927122189811569,0.008650198249815519,0.0017475084085601263
11.890966939341387,0.4727441726073244,0.5969312100007624,0.02227858851983772,0.04184303759354624,0.05619245146384928,0.12580572025441353,0.19582735485889563,0.0008493712474330205,0.3922723322594385,0.008763378431378737,0.0015881377395058735
12.511727182896722,0.38247799240445374,0.8148602496106359,0.027719965645877143,0.04657220011171109,0.05614791215153737,0.2096290481155035,0.17469444183061297,0.007801007302503839,0.22466163114960525,0.00915947881732681,0.0012090345531200965
11.287439092830628,0.5209504648323329,0.851306410399205,0.029051038109123357,0.07219545270501211,0.10459255167232356,0.3104927764492776,0.0635296015549461,0.005142393338256685,0.3548911308212176,0.00907419814310261,0.0013700080861119442
22.099820231399686,0.540000054522682,0.5362388021359112,0.011392695974034129,0.07385274849594073,0.12142116458604361,0.16984543089683074,0.04045114395968474,0.0062021054030463015,0.3830030325853234,0.008646545684466355,0.0017436374042216808
8.305738164840749,0.2987759104836745,0.6512803633505593,0.028843466781113807,0.044576825960269725,0.036156502864375405,0.18968022218301137,0.1802365376924136,0.008662566111311422,0.2298573883022956,0.009722675525967173,0.0007305891209016552
5.522821960411483,0.496979080474314,0.6677723176471541,0.028584757314251866,0.02502334952351585,0.046843216653840544,0.18098069501389225,0.1507336704616681,0.0028208258764924696,0.3147074471177452,0.008974350796744756,0.0014284201819329092
2.7282253953300444,0.4126290906506623,0.43971581267076104,0.009194913793341173,0.050183753670599435,0.08526334980394998,0.29165020030871314,0.06638947328277137,0.0020962636828291263,0.2608764480446967,0.008462181821223005,0.0015227751977034078
5.081240036310225,0.4747042896906613,0.9982705724326283,0.027461894667444135,0.045722368275534025,0.05943019659750017,0.18182828277442112,0.16178814254704238,0.008780300697452344,0.3407673507480009,0.008980809139097226,0.0013138532487862449
6.2419313052450764,0.3403052237894738,0.7063092540935347,0.023471841215647757,0.07857501412792328,0.08068191770838096,0.1995694036535019,0.13089198754208783,0.0051441837857216285,0.09026238335075071,0.009958920227985548,0.0005019560862765667
